image,p_yes,p_no,label,prob,pred
000016.jpg,0.57800734,0.4815882,1,0.5454981,1
000378.jpg,0.5779265,0.48157236,1,0.54547155,1
000490.jpg,0.57800615,0.48159176,1,0.5454957,1
000515.jpg,0.5778731,0.4816302,1,0.54541886,1
000800.jpg,0.5780198,0.4815818,1,0.5455068,1
000859.jpg,0.5780066,0.48157793,1,0.545503,1
001009.jpg,0.5778933,0.48163137,1,0.54542696,1
001019.jpg,0.5778752,0.48158252,1,0.5454443,1
001243.jpg,0.5778297,0.48168114,1,0.54537404,1
001382.jpg,0.4040749,0.54891634,1,0.42400694,0
001426.jpg,0.5779555,0.48155615,1,0.54549235,1
001622.jpg,0.57798594,0.48157197,1,0.54549724,1
001783.jpg,0.57794267,0.48160502,1,0.5454617,1
001846.jpg,0.57793534,0.4815713,1,0.5454759,1
002144.jpg,0.57790834,0.48159906,1,0.54545003,1
002187.jpg,0.57791674,0.48161107,1,0.5454474,1
002593.jpg,0.5780162,0.48157507,1,0.5455087,1
002740.jpg,0.57793725,0.48160502,1,0.54545933,1
002891.jpg,0.5778714,0.4815963,1,0.5454356,1
003222.jpg,0.5777463,0.48164767,1,0.5453555,1
003224.jpg,0.57800406,0.48161697,1,0.54548186,1
003292.jpg,0.57737875,0.48193872,1,0.5450479,1
003667.jpg,0.5779045,0.481589,1,0.54545355,1
003840.jpg,0.5779092,0.48157904,1,0.5454607,1
003858.jpg,0.40472996,0.5506826,1,0.423618,0
003916.jpg,0.5779075,0.4816333,1,0.5454321,1
004030.jpg,0.57785106,0.48158976,1,0.54543024,1
004034.jpg,0.57800287,0.4816111,1,0.5454844,1
004142.jpg,0.40398437,0.549847,1,0.42353857,0
004192.jpg,0.5779717,0.4815754,1,0.54548943,1
004259.jpg,0.57803214,0.48160198,1,0.54550165,1
004275.jpg,0.57802534,0.48159996,1,0.54549974,1
004277.jpg,0.5779317,0.48160625,1,0.5454564,1
004396.jpg,0.5779716,0.48160648,1,0.54547334,1
004452.jpg,0.57797974,0.4815713,1,0.545495,1
004868.jpg,0.40378338,0.5491627,1,0.42372113,0
005119.jpg,0.5779479,0.4815994,1,0.54546684,1
005387.jpg,0.57798094,0.48156327,1,0.5454996,1
005466.jpg,0.57749414,0.4820792,1,0.5450251,1
005645.jpg,0.5780279,0.4815818,1,0.54551023,1
005654.jpg,0.5780006,0.48157617,1,0.5455014,1
006091.jpg,0.5779869,0.48158005,1,0.5454935,1
006236.jpg,0.57782614,0.48162106,1,0.5454035,1
006460.jpg,0.5780374,0.48160022,1,0.5455048,1
006583.jpg,0.40405178,0.54985595,1,0.42357534,0
006598.jpg,0.5779884,0.48160946,1,0.545479,1
006788.jpg,0.577932,0.48158777,1,0.545466,1
006813.jpg,0.4127563,0.5455525,1,0.43071324,0
006942.jpg,0.57802606,0.48160237,1,0.5454988,1
007073.jpg,0.57784575,0.4816214,1,0.54541165,1
007080.jpg,0.5778549,0.48170674,1,0.54537165,1
007162.jpg,0.5779751,0.48157173,1,0.5454927,1
007571.jpg,0.57792443,0.48154476,1,0.54548484,1
007649.jpg,0.577934,0.4815729,1,0.5454745,1
007819.jpg,0.57795215,0.48159078,1,0.5454731,1
007967.jpg,0.57784986,0.48164684,1,0.5454004,1
008064.jpg,0.57804424,0.48160183,1,0.54550683,1
008213.jpg,0.5165957,0.5070913,1,0.50464225,1
008220.jpg,0.57781094,0.48166478,1,0.54537445,1
008243.jpg,0.57784915,0.4815984,1,0.545425,1
008357.jpg,0.5779446,0.48158962,1,0.5454704,1
008636.jpg,0.57752216,0.48204097,1,0.5450569,1
008777.jpg,0.5777999,0.4816808,1,0.54536146,1
008913.jpg,0.57799053,0.4816047,1,0.5454824,1
008931.jpg,0.5778703,0.481584,1,0.54544145,1
008979.jpg,0.57800514,0.4815902,1,0.5454961,1
009087.jpg,0.577885,0.48158678,1,0.54544634,1
009231.jpg,0.57792157,0.48161367,1,0.5454482,1
009305.jpg,0.57787603,0.4815913,1,0.5454402,1
009353.jpg,0.5779588,0.4815713,1,0.545486,1
009519.jpg,0.57792366,0.48164707,1,0.54543185,1
009555.jpg,0.5778959,0.48159623,1,0.54544616,1
009738.jpg,0.5772334,0.48207477,1,0.54491544,1
009754.jpg,0.57792217,0.48157677,1,0.54546744,1
009805.jpg,0.577985,0.48159507,1,0.54548496,1
010100.jpg,0.5780155,0.48157606,1,0.54550785,1
010104.jpg,0.5778978,0.48158583,1,0.5454523,1
010308.jpg,0.57794166,0.4815943,1,0.5454668,1
010712.jpg,0.57799894,0.48159882,1,0.545489,1
011078.jpg,0.5778834,0.48160303,1,0.54543734,1
011396.jpg,0.5780199,0.4815968,1,0.5454991,1
011470.jpg,0.40383166,0.54957014,1,0.42356923,0
011761.jpg,0.57781965,0.48161787,1,0.5454023,1
011885.jpg,0.57800734,0.48162523,1,0.54547906,1
011962.jpg,0.57621163,0.48275885,1,0.54412436,1
012085.jpg,0.5780253,0.48160967,1,0.54549474,1
012189.jpg,0.5779848,0.48158512,1,0.54548997,1
012207.jpg,0.57782423,0.4816171,1,0.5454047,1
012256.jpg,0.5779248,0.4815775,1,0.5454682,1
012326.jpg,0.5778098,0.48162603,1,0.5453939,1
012373.jpg,0.40404072,0.5499835,1,0.42351204,0
012643.jpg,0.5779731,0.48157573,1,0.54548985,1
012697.jpg,0.5779077,0.48157054,1,0.5454644,1
013040.jpg,0.57775885,0.48169044,1,0.5453388,1
013063.jpg,0.57798094,0.4815666,1,0.5454979,1
013331.jpg,0.5778991,0.48162028,1,0.54543513,1
013350.jpg,0.57766193,0.48165825,1,0.5453138,1
013479.jpg,0.5779915,0.48160657,1,0.5454818,1
013650.jpg,0.5779086,0.48157173,1,0.5454642,1
013780.jpg,0.57787794,0.48160604,1,0.5454334,1
013920.jpg,0.5779466,0.48157817,1,0.5454772,1
013992.jpg,0.5779333,0.4815891,1,0.5454659,1
014143.jpg,0.5778897,0.48158097,1,0.54545134,1
014236.jpg,0.57795966,0.48162717,1,0.5454576,1
014331.jpg,0.5780158,0.4816079,1,0.5454916,1
014433.jpg,0.5778883,0.48156428,1,0.5454594,1
014447.jpg,0.57608825,0.48268119,1,0.54411113,1
014487.jpg,0.577909,0.4815915,1,0.5454542,1
014550.jpg,0.57799304,0.48158523,1,0.5454935,1
014596.jpg,0.5779076,0.4816058,1,0.5454462,1
014650.jpg,0.5778858,0.48158503,1,0.5454475,1
014671.jpg,0.57786953,0.48159242,1,0.5454368,1
015063.jpg,0.5779864,0.48157573,1,0.5454955,1
015145.jpg,0.57789576,0.48161387,1,0.545437,1
015158.jpg,0.5779632,0.4815859,1,0.5454803,1
015337.jpg,0.5779717,0.4815988,1,0.54547733,1
015341.jpg,0.4038342,0.54873186,1,0.42394352,0
015490.jpg,0.57802963,0.48160547,1,0.5454987,1
015539.jpg,0.5780113,0.48157805,1,0.545505,1
015789.jpg,0.4039545,0.5495865,1,0.42363623,0
015853.jpg,0.57796854,0.48162073,1,0.5454647,1
015865.jpg,0.5780077,0.48160973,1,0.54548717,1
015926.jpg,0.57797515,0.4815994,1,0.54547846,1
016395.jpg,0.57802016,0.48162693,1,0.54548365,1
016494.jpg,0.57800025,0.481569,1,0.5455049,1
016504.jpg,0.5779888,0.48157793,1,0.54549545,1
016666.jpg,0.5778642,0.48157772,1,0.5454421,1
016830.jpg,0.5779918,0.4815745,1,0.5454985,1
016909.jpg,0.5779954,0.48157573,1,0.5454994,1
017172.jpg,0.57787734,0.48161244,1,0.5454299,1
017256.jpg,0.5779829,0.48161754,1,0.5454725,1
018101.jpg,0.57802427,0.481591,1,0.5455039,1
018115.jpg,0.5780123,0.4815778,1,0.5455056,1
018254.jpg,0.57798386,0.48161376,1,0.5454749,1
018404.jpg,0.57804173,0.48161128,1,0.54550093,1
018797.jpg,0.5779474,0.48160502,1,0.5454637,1
018828.jpg,0.57794154,0.48162305,1,0.54545194,1
018838.jpg,0.5779931,0.48158646,1,0.5454928,1
019065.jpg,0.57792115,0.48156312,1,0.54547405,1
019160.jpg,0.5780282,0.48158246,1,0.54551,1
019452.jpg,0.5776271,0.4816931,1,0.54528093,1
020130.jpg,0.5779937,0.48157546,1,0.5454988,1
020548.jpg,0.5778386,0.48174,1,0.5453475,1
020582.jpg,0.57800466,0.4816068,1,0.54548734,1
020748.jpg,0.5777803,0.48165464,1,0.5453665,1
020912.jpg,0.57775736,0.4816069,1,0.5453812,1
020950.jpg,0.577944,0.48165458,1,0.54543674,1
021143.jpg,0.5779087,0.4815853,1,0.54545724,1
021734.jpg,0.57802826,0.48160747,1,0.5454971,1
021984.jpg,0.57765144,0.48167107,1,0.54530275,1
022325.jpg,0.57797515,0.4815597,1,0.54549897,1
022341.jpg,0.5777458,0.48181748,1,0.5452679,1
022744.jpg,0.57768977,0.48179147,1,0.5452572,1
022831.jpg,0.57786185,0.48164973,1,0.545404,1
022891.jpg,0.5780405,0.4815964,1,0.5455081,1
022980.jpg,0.5778138,0.4815745,1,0.54542214,1
023031.jpg,0.57802176,0.48159385,1,0.54550135,1
023141.jpg,0.5779791,0.48161024,1,0.5454746,1
023222.jpg,0.4042779,0.5502287,1,0.42354643,0
023405.jpg,0.40773425,0.5469082,1,0.42710677,0
023668.jpg,0.5779856,0.48157728,1,0.5454943,1
023783.jpg,0.57766896,0.48167747,1,0.5453069,1
023960.jpg,0.5778993,0.481588,1,0.5454518,1
024290.jpg,0.57786894,0.4815736,1,0.5454462,1
024331.jpg,0.5779709,0.48155692,1,0.54549855,1
024665.jpg,0.5025969,0.51267725,1,0.49503565,0
024893.jpg,0.40387896,0.5497662,1,0.42351076,0
025014.jpg,0.5779504,0.4815807,1,0.54547757,1
025203.jpg,0.5780147,0.48159307,1,0.5454987,1
025651.jpg,0.57785803,0.48161024,1,0.5454227,1
025697.jpg,0.57792693,0.48160702,1,0.5454539,1
025781.jpg,0.5777222,0.48161787,1,0.5453605,1
025961.jpg,0.57782316,0.48162505,1,0.5454001,1
025962.jpg,0.577821,0.48160255,1,0.54541075,1
026009.jpg,0.40650615,0.5477131,1,0.42600918,0
026027.jpg,0.5777923,0.48158923,1,0.5454053,1
026508.jpg,0.42793623,0.5398127,1,0.4421976,0
026870.jpg,0.5779003,0.48160914,1,0.5454414,1
027434.jpg,0.57797885,0.48160106,1,0.5454793,1
027503.jpg,0.5778085,0.48167184,1,0.54536974,1
027689.jpg,0.5780108,0.48160592,1,0.54549044,1
027839.jpg,0.57796013,0.481599,1,0.54547226,1
027894.jpg,0.40967014,0.5466161,1,0.428397,0
027945.jpg,0.5778845,0.48157993,1,0.5454496,1
027947.jpg,0.5780168,0.48160425,1,0.5454939,1
028280.jpg,0.5780244,0.48160204,1,0.54549825,1
028325.jpg,0.5779135,0.48158038,1,0.5454619,1
028344.jpg,0.43256578,0.5384812,1,0.4454633,0
028539.jpg,0.5778713,0.48161185,1,0.54542756,1
028736.jpg,0.5779602,0.48158014,1,0.54548204,1
028773.jpg,0.5778321,0.48169795,1,0.5453664,1
029555.jpg,0.5777951,0.48161775,1,0.5453918,1
029562.jpg,0.40405497,0.5486132,1,0.4241298,0
029685.jpg,0.404445,0.5504154,1,0.42356452,0
030108.jpg,0.57793975,0.48161608,1,0.5454548,1
030468.jpg,0.5778647,0.48159713,1,0.5454323,1
030524.jpg,0.57800496,0.48158813,1,0.5454971,1
030582.jpg,0.57800806,0.4815743,1,0.5455055,1
030649.jpg,0.5778233,0.48166344,1,0.54538035,1
030702.jpg,0.5779716,0.48157042,1,0.54549193,1
030736.jpg,0.5777954,0.4815952,1,0.5454036,1
030828.jpg,0.5780119,0.48159453,1,0.54549676,1
030937.jpg,0.403905,0.5497091,1,0.42355183,0
030954.jpg,0.5780096,0.48160145,1,0.54549223,1
031506.jpg,0.577885,0.481608,1,0.5454354,1
031518.jpg,0.5779865,0.48157528,1,0.5454958,1
031520.jpg,0.57782614,0.4816595,1,0.54538363,1
031537.jpg,0.5779141,0.4815659,1,0.54546964,1
031937.jpg,0.57802695,0.48161554,1,0.5454924,1
032143.jpg,0.57795167,0.48156792,1,0.54548466,1
032195.jpg,0.57716274,0.48228562,1,0.5447767,1
032806.jpg,0.5778613,0.4816195,1,0.54541934,1
033323.jpg,0.577992,0.48162538,1,0.5454724,1
033486.jpg,0.57786316,0.48157683,1,0.54544204,1
033612.jpg,0.49932197,0.5137366,1,0.4928856,0
033674.jpg,0.57800853,0.48162875,1,0.5454777,1
034000.jpg,0.57795024,0.48157462,1,0.54548055,1
034320.jpg,0.5780095,0.4815729,1,0.5455069,1
034322.jpg,0.5779915,0.48156753,1,0.54550195,1
034698.jpg,0.57786566,0.4816641,1,0.54539824,1
035239.jpg,0.5780258,0.4815939,1,0.5455031,1
035246.jpg,0.40562433,0.5481251,1,0.42529446,0
035988.jpg,0.57799375,0.4816098,1,0.54548115,1
036110.jpg,0.57780683,0.4815963,1,0.5454079,1
036345.jpg,0.5780201,0.481591,1,0.5455021,1
036360.jpg,0.40390903,0.5494887,1,0.42365217,0
036383.jpg,0.5778522,0.48163557,1,0.5454071,1
036641.jpg,0.57800937,0.48157778,1,0.54550433,1
036671.jpg,0.5778354,0.4817099,1,0.5453617,1
036673.jpg,0.5732886,0.48416725,1,0.54213953,1
036994.jpg,0.5744742,0.48365682,1,0.5429141,1
036996.jpg,0.5779836,0.48157638,1,0.54549396,1
037082.jpg,0.57802314,0.48157844,1,0.5455099,1
037204.jpg,0.57794327,0.48154315,1,0.5454938,1
037368.jpg,0.5779513,0.48160508,1,0.54546535,1
037521.jpg,0.5779011,0.48165658,1,0.5454173,1
037645.jpg,0.57785,0.4816045,1,0.5454222,1
037714.jpg,0.57802355,0.48159242,1,0.54550284,1
037917.jpg,0.40379292,0.5493825,1,0.42362916,0
037919.jpg,0.57780075,0.48164573,1,0.5453799,1
038233.jpg,0.5780019,0.48160902,1,0.545485,1
038281.jpg,0.57786435,0.4816005,1,0.5454304,1
038397.jpg,0.5780094,0.48162556,1,0.5454798,1
038658.jpg,0.57785153,0.48159343,1,0.5454286,1
038679.jpg,0.57787836,0.481616,1,0.54542845,1
039522.jpg,0.57784843,0.4817405,1,0.5453515,1
039853.jpg,0.5780078,0.4815973,1,0.5454936,1
039918.jpg,0.57788664,0.48164994,1,0.5454145,1
040334.jpg,0.5778984,0.48160172,1,0.54544437,1
040609.jpg,0.5780025,0.48158884,1,0.5454957,1
040636.jpg,0.577958,0.48158965,1,0.54547614,1
040893.jpg,0.5780056,0.48158523,1,0.5454989,1
040919.jpg,0.5778073,0.48162013,1,0.5453958,1
041297.jpg,0.5779858,0.4815831,1,0.5454915,1
041473.jpg,0.5780174,0.4815827,1,0.5455052,1
041501.jpg,0.5778742,0.48165104,1,0.5454086,1
041553.jpg,0.5177553,0.50683576,1,0.5053288,1
041808.jpg,0.5778426,0.48162794,1,0.54540694,1
041978.jpg,0.5777649,0.4815829,1,0.5453968,1
042028.jpg,0.5780217,0.48158634,1,0.5455052,1
042046.jpg,0.5780258,0.48160347,1,0.54549813,1
042063.jpg,0.57801366,0.48160464,1,0.54549235,1
042405.jpg,0.57789904,0.48158202,1,0.5454548,1
042457.jpg,0.5779865,0.48158047,1,0.5454931,1
042526.jpg,0.5779111,0.48155716,1,0.54547274,1
043062.jpg,0.5779538,0.48159957,1,0.5454693,1
043136.jpg,0.57776475,0.48163074,1,0.54537207,1
043221.jpg,0.57801485,0.48159647,1,0.54549706,1
043341.jpg,0.5778274,0.48162052,1,0.54540426,1
043355.jpg,0.5777079,0.4816723,1,0.5453263,1
043771.jpg,0.57794744,0.48156324,1,0.5454852,1
043862.jpg,0.40389085,0.54899013,1,0.42386284,0
044164.jpg,0.5779569,0.48159274,1,0.5454741,1
044339.jpg,0.57805264,0.48162538,1,0.5454984,1
044408.jpg,0.57799363,0.48157302,1,0.54550004,1
044484.jpg,0.578027,0.48161224,1,0.54549414,1
044747.jpg,0.5778124,0.48158634,1,0.54541546,1
044854.jpg,0.5779298,0.4815912,1,0.5454633,1
044922.jpg,0.57794404,0.48157412,1,0.5454782,1
044932.jpg,0.57800096,0.48157665,1,0.5455013,1
045269.jpg,0.57801986,0.4815745,1,0.5455105,1
045352.jpg,0.5779972,0.4815672,1,0.54550457,1
045497.jpg,0.57791793,0.48162448,1,0.54544103,1
045754.jpg,0.5778062,0.48167706,1,0.545366,1
045799.jpg,0.5779281,0.48158735,1,0.5454645,1
045938.jpg,0.5780026,0.4816014,1,0.54548925,1
046185.jpg,0.57794625,0.4815954,1,0.54546815,1
046268.jpg,0.5779639,0.4815926,1,0.5454772,1
046336.jpg,0.57786006,0.48158303,1,0.5454376,1
046449.jpg,0.57799065,0.48159,1,0.54548997,1
046530.jpg,0.57804483,0.4816038,1,0.5455061,1
046757.jpg,0.57797253,0.4815798,1,0.54548746,1
047048.jpg,0.5779681,0.48159873,1,0.54547584,1
047499.jpg,0.57793605,0.48157263,1,0.54547554,1
047501.jpg,0.57786006,0.48159695,1,0.54543036,1
047737.jpg,0.40383574,0.54912114,1,0.42377126,0
047922.jpg,0.40387803,0.54908293,1,0.42381382,0
048545.jpg,0.5779436,0.48161316,1,0.54545796,1
048950.jpg,0.4378647,0.53644043,1,0.44941226,0
049077.jpg,0.57784206,0.48163888,1,0.5454011,1
049214.jpg,0.57783693,0.48158464,1,0.54542685,1
049216.jpg,0.5778752,0.4815667,1,0.5454525,1
049394.jpg,0.5780199,0.48157993,1,0.5455077,1
049677.jpg,0.5779005,0.48160094,1,0.54544574,1
049744.jpg,0.5475642,0.49505448,1,0.52518165,1
049854.jpg,0.57799786,0.48156235,1,0.5455074,1
049855.jpg,0.5778841,0.48159197,1,0.5454433,1
050060.jpg,0.5780284,0.4816293,1,0.545486,1
050192.jpg,0.5780393,0.48159763,1,0.5455069,1
050210.jpg,0.57798165,0.48161277,1,0.5454744,1
050272.jpg,0.577935,0.48156887,1,0.54547703,1
050277.jpg,0.5780275,0.48162594,1,0.5454873,1
050432.jpg,0.45872858,0.52875644,1,0.4645423,0
051280.jpg,0.57792515,0.48163682,1,0.5454378,1
051333.jpg,0.40522453,0.5481079,1,0.4250611,0
051353.jpg,0.57660604,0.48257533,1,0.5443884,1
051359.jpg,0.404172,0.5489476,1,0.42405173,0
051482.jpg,0.5778656,0.48162383,1,0.5454189,1
051881.jpg,0.5779242,0.48156744,1,0.5454731,1
051935.jpg,0.5779591,0.4815829,1,0.54548013,1
052029.jpg,0.5779891,0.48155925,1,0.54550517,1
052063.jpg,0.5780019,0.48158678,1,0.5454965,1
052099.jpg,0.577747,0.4816387,1,0.5453604,1
052271.jpg,0.57794046,0.4816027,1,0.54546195,1
052275.jpg,0.5779358,0.48157108,1,0.5454762,1
052316.jpg,0.57796633,0.48157418,1,0.5454877,1
052367.jpg,0.57792175,0.48159882,1,0.5454559,1
052516.jpg,0.5780115,0.4815806,1,0.5455038,1
052545.jpg,0.5779556,0.4815941,1,0.54547286,1
052655.jpg,0.40496242,0.5486855,1,0.42464563,0
052723.jpg,0.5778536,0.48160955,1,0.5454212,1
052730.jpg,0.5778277,0.4817453,1,0.5453402,1
052787.jpg,0.57786316,0.48157772,1,0.5454416,1
052825.jpg,0.5779993,0.48160264,1,0.5454872,1
052894.jpg,0.577954,0.48157865,1,0.54548013,1
053045.jpg,0.57797766,0.48157695,1,0.54549116,1
053253.jpg,0.57799834,0.4815844,1,0.5454962,1
053512.jpg,0.577953,0.48158315,1,0.5454774,1
053550.jpg,0.5779475,0.4816151,1,0.5454586,1
053737.jpg,0.5779666,0.4815913,1,0.545479,1
053904.jpg,0.44450444,0.5340131,1,0.45426312,0
053940.jpg,0.5779175,0.48158887,1,0.5454592,1
054472.jpg,0.5779845,0.48159266,1,0.545486,1
054854.jpg,0.57797027,0.48156765,1,0.54549277,1
055125.jpg,0.40410784,0.54984117,1,0.42361578,0
055288.jpg,0.4040038,0.54994047,1,0.42350882,0
055568.jpg,0.57794476,0.48161238,1,0.54545873,1
055656.jpg,0.5779913,0.48157838,1,0.5454962,1
055844.jpg,0.578005,0.48157087,1,0.545506,1
055947.jpg,0.57771933,0.48169342,1,0.5453204,1
056059.jpg,0.48968136,0.5173917,1,0.48624215,0
056260.jpg,0.57799375,0.48161155,1,0.5454802,1
056305.jpg,0.57774353,0.48164174,1,0.54535735,1
056334.jpg,0.57800657,0.48159862,1,0.5454924,1
056410.jpg,0.5780082,0.4816202,1,0.545482,1
056455.jpg,0.5779929,0.48158503,1,0.54549354,1
057447.jpg,0.57800627,0.48157462,1,0.5455046,1
057503.jpg,0.5777933,0.48163733,1,0.545381,1
057773.jpg,0.57773536,0.4816797,1,0.5453343,1
057872.jpg,0.5780406,0.48159957,1,0.5455065,1
058144.jpg,0.57796615,0.48158413,1,0.5454825,1
058154.jpg,0.5778478,0.48161045,1,0.54541814,1
058351.jpg,0.5777634,0.48164794,1,0.54536265,1
058563.jpg,0.5778565,0.48160785,1,0.54542327,1
058642.jpg,0.57799864,0.48156512,1,0.54550624,1
058798.jpg,0.5767093,0.48236027,1,0.5445434,1
058865.jpg,0.5779749,0.4815797,1,0.5454886,1
058915.jpg,0.4305211,0.5392549,1,0.4439387,0
059095.jpg,0.57799554,0.48159143,1,0.54549134,1
059272.jpg,0.57801414,0.4815817,1,0.54550433,1
059375.jpg,0.57790005,0.48160508,1,0.5454434,1
059547.jpg,0.41011477,0.5462722,1,0.42881677,0
059577.jpg,0.5778769,0.48158833,1,0.54544204,1
059889.jpg,0.42443252,0.54122096,1,0.4395288,0
060258.jpg,0.578013,0.4815725,1,0.54550856,1
060305.jpg,0.5779716,0.48159066,1,0.5454815,1
060519.jpg,0.5778793,0.48166034,1,0.545406,1
060595.jpg,0.50962245,0.50985706,1,0.49988493,0
060838.jpg,0.57786,0.4815984,1,0.54542965,1
061547.jpg,0.577977,0.4815524,1,0.5455035,1
061628.jpg,0.5779222,0.48160183,1,0.54545456,1
061651.jpg,0.42353615,0.5413279,1,0.43895942,0
061823.jpg,0.57799286,0.481588,1,0.545492,1
062303.jpg,0.5780125,0.4815974,1,0.54549557,1
062597.jpg,0.57782084,0.4816547,1,0.5453838,1
062940.jpg,0.42262498,0.5420046,1,0.43812153,0
063067.jpg,0.57801354,0.48164108,1,0.5454735,1
063380.jpg,0.4487874,0.53252023,1,0.4573361,0
063382.jpg,0.5779613,0.48158503,1,0.54547995,1
063388.jpg,0.44888794,0.5323387,1,0.45747632,0
063605.jpg,0.5779819,0.48160648,1,0.54547775,1
063639.jpg,0.5779741,0.48162207,1,0.54546636,1
063698.jpg,0.57796544,0.4815809,1,0.5454839,1
063991.jpg,0.5778693,0.48162034,1,0.5454223,1
064025.jpg,0.55297554,0.49285042,1,0.5287453,1
064095.jpg,0.5780123,0.4815786,1,0.54550517,1
064243.jpg,0.5778559,0.48163423,1,0.54540944,1
064334.jpg,0.578038,0.48160768,1,0.5455012,1
064576.jpg,0.5777947,0.4816286,1,0.5453861,1
064720.jpg,0.5779659,0.48156178,1,0.54549396,1
064904.jpg,0.5779802,0.48159623,1,0.5454823,1
065001.jpg,0.5779814,0.4815933,1,0.5454843,1
065113.jpg,0.5778501,0.48168755,1,0.5453795,1
065122.jpg,0.5779528,0.4816111,1,0.5454629,1
065212.jpg,0.5778929,0.48159397,1,0.54544604,1
065245.jpg,0.5778236,0.48166245,1,0.545381,1
065399.jpg,0.57789,0.4816182,1,0.54543227,1
065637.jpg,0.57787657,0.48159027,1,0.5454409,1
065759.jpg,0.57786965,0.4816391,1,0.5454128,1
065803.jpg,0.5780205,0.4815871,1,0.5455043,1
066236.jpg,0.57789445,0.48163489,1,0.54542565,1
066528.jpg,0.5742722,0.4836785,1,0.5428156,1
066586.jpg,0.57789737,0.48164696,1,0.54542065,1
066729.jpg,0.5779195,0.48155826,1,0.5454758,1
066847.jpg,0.57798594,0.48157275,1,0.5454969,1
066984.jpg,0.57802737,0.48158386,1,0.5455089,1
067081.jpg,0.5780068,0.48160294,1,0.54549026,1
067088.jpg,0.5252572,0.5038314,1,0.51041013,1
067089.jpg,0.5780286,0.48162428,1,0.54548866,1
067346.jpg,0.57796437,0.48160768,1,0.54546964,1
067581.jpg,0.57793814,0.48159087,1,0.545467,1
067863.jpg,0.57799226,0.481556,1,0.5455082,1
068044.jpg,0.5778711,0.48162493,1,0.5454207,1
068047.jpg,0.5778892,0.48159862,1,0.54544204,1
068095.jpg,0.5779777,0.4815725,1,0.5454934,1
068489.jpg,0.5779786,0.48159608,1,0.5454817,1
068567.jpg,0.57791805,0.4815838,1,0.545462,1
068689.jpg,0.5778864,0.48158512,1,0.5454478,1
068899.jpg,0.5778252,0.4816828,1,0.54537123,1
068921.jpg,0.5779081,0.48158348,1,0.5454579,1
069307.jpg,0.4544337,0.5304708,1,0.46139875,0
069553.jpg,0.57795495,0.48159266,1,0.5454733,1
069772.jpg,0.5778366,0.4815983,1,0.54541963,1
069866.jpg,0.57793224,0.4815921,1,0.54546386,1
069924.jpg,0.57796913,0.4815943,1,0.5454786,1
070007.jpg,0.57772857,0.48161653,1,0.5453639,1
070097.jpg,0.57784843,0.48163483,1,0.5454059,1
070281.jpg,0.5778024,0.48166692,1,0.5453696,1
070283.jpg,0.5779525,0.48158348,1,0.545477,1
070345.jpg,0.57788575,0.48159415,1,0.5454428,1
070353.jpg,0.57791185,0.481595,1,0.5454536,1
070374.jpg,0.5779684,0.48160657,1,0.54547197,1
070452.jpg,0.5779887,0.48159078,1,0.5454887,1
070538.jpg,0.57784736,0.4816239,1,0.5454111,1
070677.jpg,0.5779706,0.4816264,1,0.54546267,1
070784.jpg,0.5183045,0.5065597,1,0.50573,1
071215.jpg,0.57777643,0.48164484,1,0.54536986,1
071556.jpg,0.5778986,0.48161206,1,0.5454391,1
071574.jpg,0.57786036,0.4817473,1,0.5453532,1
071585.jpg,0.5779996,0.48160526,1,0.545486,1
071779.jpg,0.57796663,0.48155794,1,0.5454962,1
072069.jpg,0.5779761,0.4815806,1,0.5454886,1
072796.jpg,0.4173514,0.5439322,1,0.43416053,0
073030.jpg,0.5777964,0.48171178,1,0.54534394,1
073052.jpg,0.5779893,0.48159203,1,0.54548836,1
073094.jpg,0.57784045,0.48163688,1,0.54540145,1
073242.jpg,0.5778827,0.481639,1,0.5454185,1
073269.jpg,0.5780237,0.4815813,1,0.5455086,1
073483.jpg,0.5779871,0.4815855,1,0.5454908,1
073848.jpg,0.5779934,0.48157495,1,0.5454989,1
073869.jpg,0.57801247,0.48158807,1,0.54550034,1
074032.jpg,0.5779981,0.48158512,1,0.54549575,1
074697.jpg,0.5779938,0.48159784,1,0.54548734,1
075019.jpg,0.577829,0.48160288,1,0.54541403,1
075060.jpg,0.5779918,0.4816099,1,0.54548025,1
075255.jpg,0.5778305,0.48158357,1,0.54542464,1
075498.jpg,0.5779611,0.4816142,1,0.5454649,1
076018.jpg,0.57786125,0.4816303,1,0.54541373,1
076102.jpg,0.40349075,0.54878503,1,0.4237121,0
076247.jpg,0.57792217,0.48159674,1,0.5454571,1
076737.jpg,0.5779555,0.48158866,1,0.54547566,1
076861.jpg,0.5778068,0.48159397,1,0.545409,1
077254.jpg,0.5778291,0.48160598,1,0.5454125,1
077322.jpg,0.57787013,0.48159584,1,0.54543525,1
077472.jpg,0.5780421,0.48160458,1,0.54550457,1
077586.jpg,0.57792705,0.48161033,1,0.54545224,1
077649.jpg,0.57785845,0.48161122,1,0.5454223,1
078012.jpg,0.5778501,0.48163024,1,0.545409,1
078359.jpg,0.57795227,0.48159453,1,0.5454712,1
078578.jpg,0.5779778,0.48155853,1,0.54550064,1
078837.jpg,0.5779786,0.48158348,1,0.5454882,1
079132.jpg,0.57768536,0.4816323,1,0.54533726,1
079306.jpg,0.5779999,0.4815677,1,0.54550546,1
079364.jpg,0.57792753,0.48156247,1,0.5454771,1
079515.jpg,0.5779243,0.48162526,1,0.5454434,1
079539.jpg,0.5779132,0.4816286,1,0.5454369,1
079621.jpg,0.40398562,0.5498567,1,0.423535,0
079791.jpg,0.5779371,0.48162848,1,0.5454473,1
080011.jpg,0.57777774,0.4816141,1,0.54538625,1
080575.jpg,0.5779425,0.4816363,1,0.5454455,1
080685.jpg,0.57786375,0.48162344,1,0.5454183,1
080819.jpg,0.5778906,0.48162085,1,0.5454312,1
080926.jpg,0.57778746,0.4816136,1,0.54539067,1
081036.jpg,0.57795286,0.48158962,1,0.545474,1
081304.jpg,0.40379557,0.54907155,1,0.423769,0
081365.jpg,0.577973,0.48157895,1,0.5454881,1
081409.jpg,0.4035429,0.54926693,1,0.42352933,0
081475.jpg,0.5649669,0.48783752,1,0.53663045,1
081497.jpg,0.5780345,0.48159996,1,0.54550374,1
082096.jpg,0.57801455,0.48158446,1,0.5455031,1
082196.jpg,0.57798785,0.48156482,1,0.54550177,1
082236.jpg,0.57793343,0.48161975,1,0.54545015,1
082378.jpg,0.5778871,0.4816609,1,0.5454091,1
082766.jpg,0.4184737,0.54326314,1,0.43512288,0
083015.jpg,0.5780196,0.4815879,1,0.5455035,1
083074.jpg,0.5779765,0.48161376,1,0.54547167,1
083479.jpg,0.4043185,0.5484244,1,0.42437315,0
083546.jpg,0.5778082,0.48164812,1,0.5453818,1
083591.jpg,0.5778993,0.48156098,1,0.5454657,1
083845.jpg,0.5780374,0.48159784,1,0.54550606,1
084073.jpg,0.57792515,0.48160812,1,0.5454526,1
084158.jpg,0.5779888,0.48157048,1,0.5454992,1
084434.jpg,0.4044435,0.54882985,1,0.42426813,0
084689.jpg,0.5779038,0.48157096,1,0.5454626,1
085016.jpg,0.57801974,0.48162672,1,0.5454836,1
085061.jpg,0.5779018,0.48158768,1,0.5454531,1
085444.jpg,0.5779169,0.48158324,1,0.54546183,1
085565.jpg,0.57793176,0.48159376,1,0.54546285,1
085574.jpg,0.57785773,0.48164546,1,0.54540443,1
085579.jpg,0.57786304,0.4816391,1,0.54541,1
086111.jpg,0.57798046,0.48161703,1,0.5454717,1
086307.jpg,0.57799506,0.48159772,1,0.54548794,1
086767.jpg,0.57797956,0.48158148,1,0.54548967,1
087219.jpg,0.5778828,0.48161194,1,0.54543245,1
087246.jpg,0.57790166,0.48156932,1,0.5454624,1
087290.jpg,0.5778597,0.48165005,1,0.5454029,1
087337.jpg,0.5778285,0.48167008,1,0.5453793,1
087666.jpg,0.57776254,0.48161554,1,0.5453789,1
087793.jpg,0.5778528,0.4816079,1,0.54542166,1
087913.jpg,0.57786673,0.4816224,1,0.54542017,1
087939.jpg,0.5780119,0.4816067,1,0.5454905,1
087976.jpg,0.5779429,0.48156732,1,0.5454812,1
087987.jpg,0.5778456,0.48162615,1,0.54540914,1
088043.jpg,0.57778,0.48156267,1,0.54541373,1
088056.jpg,0.57797813,0.4815806,1,0.5454895,1
088128.jpg,0.40346578,0.54893553,1,0.42363003,0
088255.jpg,0.57791555,0.48158053,1,0.54546267,1
088328.jpg,0.5780236,0.48159984,1,0.5454991,1
088903.jpg,0.57802314,0.48161322,1,0.545492,1
089032.jpg,0.57792956,0.48161763,1,0.54544955,1
089065.jpg,0.57799304,0.4815732,1,0.5454997,1
089072.jpg,0.5780138,0.4816078,1,0.54549074,1
089139.jpg,0.5778906,0.4816485,1,0.54541695,1
089407.jpg,0.40400282,0.5499357,1,0.42351034,0
089441.jpg,0.5779194,0.48157805,1,0.5454656,1
089605.jpg,0.57785845,0.48165193,1,0.5454014,1
089741.jpg,0.41010675,0.5463856,1,0.42876115,0
090670.jpg,0.57791,0.48159894,1,0.5454508,1
090781.jpg,0.57799894,0.48159003,1,0.54549354,1
090933.jpg,0.5777874,0.48161355,1,0.54539067,1
091006.jpg,0.5779137,0.48158005,1,0.5454621,1
091064.jpg,0.57789683,0.48164374,1,0.54542214,1
091066.jpg,0.57804275,0.48161566,1,0.54549915,1
091074.jpg,0.5285861,0.5026618,1,0.51256937,1
091100.jpg,0.5778841,0.48163927,1,0.5454189,1
091281.jpg,0.5780217,0.48160753,1,0.5454943,1
091372.jpg,0.5780315,0.48160768,1,0.5454984,1
091715.jpg,0.57799906,0.4815745,1,0.5455016,1
091761.jpg,0.5777933,0.48164275,1,0.54537815,1
091844.jpg,0.5779332,0.4815818,1,0.5454696,1
091879.jpg,0.5780077,0.481586,1,0.5454994,1
091914.jpg,0.5778793,0.4815817,1,0.5454465,1
092128.jpg,0.5779674,0.4816045,1,0.54547256,1
092191.jpg,0.5780538,0.48164994,1,0.5454862,1
092267.jpg,0.5778379,0.48176834,1,0.5453327,1
093325.jpg,0.5779809,0.48157507,1,0.5454935,1
093552.jpg,0.40385944,0.5497185,1,0.42352012,0
093566.jpg,0.5777897,0.48161665,1,0.54539007,1
093615.jpg,0.5780108,0.48157585,1,0.54550594,1
093644.jpg,0.5779216,0.48161256,1,0.5454488,1
093658.jpg,0.5779235,0.481591,1,0.54546064,1
094002.jpg,0.57790965,0.48161477,1,0.5454425,1
094045.jpg,0.5448648,0.49609223,1,0.5234268,1
094214.jpg,0.5779945,0.48157936,1,0.5454971,1
094248.jpg,0.577944,0.48159298,1,0.54546845,1
094274.jpg,0.57795626,0.4815681,1,0.54548657,1
094400.jpg,0.4036899,0.549132,1,0.42367825,0
094950.jpg,0.5778976,0.48162526,1,0.5454319,1
094976.jpg,0.40638578,0.5480443,1,0.42578894,0
095016.jpg,0.57800734,0.48159608,1,0.545494,1
095360.jpg,0.5779618,0.48159042,1,0.54547745,1
095430.jpg,0.57792026,0.48158562,1,0.545462,1
095670.jpg,0.44833434,0.532403,1,0.4571401,0
095687.jpg,0.5779814,0.4815802,1,0.5454911,1
095737.jpg,0.40417674,0.5501358,1,0.4235266,0
095901.jpg,0.5779215,0.48162833,1,0.5454406,1
096137.jpg,0.5083419,0.51035976,1,0.4990096,0
096305.jpg,0.57793695,0.4816141,1,0.54545456,1
096357.jpg,0.578009,0.4815692,1,0.5455086,1
096403.jpg,0.5780001,0.48157352,1,0.54550254,1
096618.jpg,0.57798123,0.48158777,1,0.5454871,1
096619.jpg,0.57787764,0.48161492,1,0.5454287,1
096832.jpg,0.57770044,0.48164994,1,0.54533464,1
097044.jpg,0.5779354,0.48174062,1,0.54538876,1
097245.jpg,0.57785314,0.48161942,1,0.5454159,1
097826.jpg,0.57800186,0.48158646,1,0.54549664,1
097918.jpg,0.5780328,0.48159158,1,0.54550725,1
098004.jpg,0.57788295,0.4816392,1,0.54541844,1
098190.jpg,0.57798356,0.48159087,1,0.54548657,1
098238.jpg,0.5779315,0.48157462,1,0.54547256,1
098261.jpg,0.5779026,0.48156247,1,0.5454664,1
098631.jpg,0.40391207,0.5498056,1,0.42351326,0
098675.jpg,0.57792264,0.48162794,1,0.5454413,1
099060.jpg,0.578017,0.48157573,1,0.5455086,1
099098.jpg,0.5778596,0.4816293,1,0.54541355,1
099222.jpg,0.5780077,0.481588,1,0.5454983,1
099230.jpg,0.577971,0.48159802,1,0.54547745,1
099272.jpg,0.577958,0.48160714,1,0.5454672,1
099712.jpg,0.57787895,0.4816537,1,0.5454093,1
099841.jpg,0.5779588,0.4815526,1,0.5454956,1
099848.jpg,0.57789797,0.48156667,1,0.54546225,1
099940.jpg,0.57798094,0.4816015,1,0.5454799,1
100465.jpg,0.57795286,0.48157462,1,0.5454817,1
100508.jpg,0.40552008,0.54827845,1,0.42516324,0
100601.jpg,0.42013958,0.54272866,1,0.43634173,0
100787.jpg,0.57789075,0.48161638,1,0.5454336,1
100806.jpg,0.5779675,0.48160282,1,0.5454735,1
100921.jpg,0.5777876,0.481664,1,0.5453648,1
101139.jpg,0.5778222,0.481671,1,0.54537606,1
101145.jpg,0.5779453,0.48159686,1,0.545467,1
101304.jpg,0.577904,0.48157927,1,0.5454583,1
101361.jpg,0.5779763,0.48157927,1,0.5454894,1
101383.jpg,0.57787937,0.4816425,1,0.5454152,1
101575.jpg,0.57799566,0.4816257,1,0.54547375,1
101962.jpg,0.5778729,0.48159474,1,0.54543704,1
101988.jpg,0.5778433,0.48161831,1,0.54541224,1
102150.jpg,0.57801914,0.48158303,1,0.5455058,1
102211.jpg,0.5779724,0.48161244,1,0.5454706,1
102503.jpg,0.57789195,0.48157054,1,0.54545766,1
102648.jpg,0.5779634,0.48162803,1,0.54545873,1
102857.jpg,0.57790524,0.48157856,1,0.5454593,1
103143.jpg,0.5779331,0.4816208,1,0.54544944,1
103222.jpg,0.57801944,0.48159888,1,0.5454978,1
103250.jpg,0.57791454,0.481636,1,0.5454337,1
103382.jpg,0.5779672,0.48155183,1,0.5454996,1
103443.jpg,0.5779904,0.48161155,1,0.54547876,1
103661.jpg,0.4038044,0.5495781,1,0.4235492,0
103671.jpg,0.5779786,0.4815796,1,0.5454902,1
103673.jpg,0.57793796,0.48157936,1,0.54547286,1
103739.jpg,0.57800364,0.48156738,1,0.5455072,1
103805.jpg,0.5779928,0.48160914,1,0.5454811,1
103963.jpg,0.577925,0.48163888,1,0.5454367,1
104310.jpg,0.4038141,0.5492745,1,0.42369,0
104493.jpg,0.5780392,0.48161754,1,0.5454967,1
104520.jpg,0.5779172,0.48155835,1,0.5454748,1
104635.jpg,0.5780065,0.4815667,1,0.5455088,1
104711.jpg,0.4071353,0.5475657,1,0.4264532,0
104718.jpg,0.57798344,0.48158735,1,0.5454883,1
104745.jpg,0.5779474,0.4816107,1,0.5454608,1
105138.jpg,0.5775445,0.48197162,1,0.5451021,1
105215.jpg,0.57797354,0.48155373,1,0.54550135,1
105450.jpg,0.5779057,0.48160747,1,0.54544455,1
105527.jpg,0.57785296,0.48165363,1,0.5453981,1
105752.jpg,0.5779792,0.48159918,1,0.5454804,1
105830.jpg,0.57804525,0.48161057,1,0.54550284,1
105869.jpg,0.57792264,0.48158386,1,0.545464,1
106010.jpg,0.57787365,0.48159882,1,0.54543525,1
106046.jpg,0.577958,0.48158926,1,0.5454764,1
106238.jpg,0.57802534,0.48162466,1,0.54548705,1
106340.jpg,0.57797986,0.481577,1,0.54549205,1
106411.jpg,0.57788545,0.48164663,1,0.54541576,1
106526.jpg,0.57787377,0.48162252,1,0.5454231,1
106568.jpg,0.5504185,0.49388215,1,0.527069,1
106596.jpg,0.57797605,0.48163545,1,0.5454603,1
106620.jpg,0.57791036,0.4815942,1,0.5454534,1
106685.jpg,0.578018,0.48160315,1,0.545495,1
106959.jpg,0.5780363,0.48160398,1,0.54550236,1
106974.jpg,0.40377003,0.5496411,1,0.42350045,0
107034.jpg,0.57795656,0.48157153,1,0.5454849,1
107065.jpg,0.5776312,0.4816974,1,0.54528046,1
107462.jpg,0.577973,0.48158634,1,0.5454843,1
107465.jpg,0.57801354,0.48157308,1,0.5455085,1
107957.jpg,0.5777761,0.48157373,1,0.54540634,1
108084.jpg,0.403748,0.54925275,1,0.42365968,0
108278.jpg,0.40359762,0.5493444,1,0.423528,0
108280.jpg,0.5778077,0.48169065,1,0.54535973,1
108574.jpg,0.57797855,0.4815829,1,0.5454884,1
108743.jpg,0.57799214,0.48157167,1,0.54550004,1
109744.jpg,0.5778557,0.48161787,1,0.5454178,1
109922.jpg,0.4042723,0.5502323,1,0.4235415,0
109928.jpg,0.41592267,0.5442202,1,0.43318832,0
109953.jpg,0.5779837,0.48155648,1,0.5455043,1
110227.jpg,0.57788426,0.48159596,1,0.5454413,1
110335.jpg,0.57786447,0.48159796,1,0.5454318,1
110361.jpg,0.5779982,0.48163295,1,0.5454712,1
110384.jpg,0.5779809,0.48159385,1,0.5454838,1
110613.jpg,0.5778554,0.48161852,1,0.54541725,1
110959.jpg,0.57793945,0.48162064,1,0.5454523,1
111049.jpg,0.5780011,0.4815754,1,0.54550195,1
111549.jpg,0.5780137,0.48158446,1,0.5455027,1
112154.jpg,0.57798016,0.48158976,1,0.5454856,1
112215.jpg,0.5780184,0.48160857,1,0.54549235,1
112231.jpg,0.5779583,0.48162958,1,0.54545575,1
112239.jpg,0.57802975,0.48160243,1,0.5455004,1
112249.jpg,0.5779862,0.48157418,1,0.5454963,1
112317.jpg,0.5780239,0.4816047,1,0.5454967,1
112430.jpg,0.577878,0.48160073,1,0.54543614,1
112612.jpg,0.57780653,0.48159835,1,0.5454067,1
112951.jpg,0.534704,0.5001523,1,0.51669395,1
113058.jpg,0.5779948,0.4816233,1,0.54547465,1
113212.jpg,0.5770349,0.48218882,1,0.54477155,1
113351.jpg,0.5780395,0.48159364,1,0.5455091,1
113420.jpg,0.57796556,0.48160425,1,0.5454719,1
113430.jpg,0.5778409,0.4816184,1,0.54541117,1
114083.jpg,0.5779666,0.4815959,1,0.5454767,1
114263.jpg,0.5778667,0.48162603,1,0.54541826,1
114571.jpg,0.57801884,0.48158813,1,0.545503,1
114691.jpg,0.40390742,0.5498224,1,0.42350298,0
114729.jpg,0.5779657,0.48158723,1,0.5454807,1
114762.jpg,0.5779088,0.4815975,1,0.54545105,1
114966.jpg,0.5779004,0.48162338,1,0.5454341,1
115136.jpg,0.5778008,0.48162603,1,0.54539,1
115227.jpg,0.5779301,0.48157594,1,0.54547125,1
115369.jpg,0.5780378,0.48159888,1,0.54550564,1
115467.jpg,0.57798,0.48159468,1,0.54548305,1
116018.jpg,0.57782316,0.48159453,1,0.5454158,1
116462.jpg,0.5779071,0.48158458,1,0.54545695,1
116510.jpg,0.5779139,0.48161212,1,0.5454457,1
117328.jpg,0.5777565,0.48165226,1,0.5453575,1
117401.jpg,0.5780096,0.48160902,1,0.54548836,1
117481.jpg,0.5779741,0.48160735,1,0.545474,1
117489.jpg,0.57797253,0.48157838,1,0.54548824,1
117538.jpg,0.5778145,0.48161677,1,0.5454006,1
117768.jpg,0.40357888,0.54900146,1,0.42366913,0
117900.jpg,0.5778928,0.48162284,1,0.54543114,1
118473.jpg,0.5778004,0.4815904,1,0.5454082,1
118528.jpg,0.57595617,0.48280814,1,0.543989,1
118531.jpg,0.57789475,0.48161504,1,0.54543597,1
118535.jpg,0.5778901,0.48156798,1,0.54545826,1
118554.jpg,0.42758042,0.5401622,1,0.44183278,0
118693.jpg,0.5780266,0.4816058,1,0.5454973,1
118696.jpg,0.5779988,0.48158467,1,0.5454963,1
118705.jpg,0.57792276,0.48158887,1,0.5454614,1
118764.jpg,0.5778859,0.4816005,1,0.54543966,1
119168.jpg,0.5778826,0.4815882,1,0.54544455,1
119640.jpg,0.5778772,0.48162296,1,0.54542434,1
120164.jpg,0.5780162,0.481587,1,0.54550254,1
120441.jpg,0.578003,0.4816057,1,0.5454872,1
120529.jpg,0.57783383,0.48160747,1,0.54541373,1
120547.jpg,0.57793367,0.48161232,1,0.5454541,1
120702.jpg,0.5778585,0.48165601,1,0.5453993,1
120867.jpg,0.57802844,0.4816149,1,0.5454934,1
121012.jpg,0.40377507,0.5495942,1,0.42352432,0
121018.jpg,0.5778226,0.48161665,1,0.5454042,1
121222.jpg,0.57794005,0.48162416,1,0.5454507,1
121255.jpg,0.5779824,0.48158512,1,0.54548895,1
122102.jpg,0.57802856,0.48161787,1,0.54549193,1
122104.jpg,0.57798225,0.48161852,1,0.54547167,1
122710.jpg,0.4037426,0.5494368,1,0.42357463,0
122882.jpg,0.5778311,0.48161206,1,0.5454102,1
122899.jpg,0.5779625,0.48155737,1,0.54549474,1
123372.jpg,0.5779436,0.48178205,1,0.545371,1
123827.jpg,0.57791466,0.48159242,1,0.5454561,1
123859.jpg,0.5779214,0.48158744,1,0.5454616,1
123861.jpg,0.5779567,0.4816087,1,0.5454658,1
124081.jpg,0.57795256,0.48163444,1,0.5454508,1
124196.jpg,0.5779461,0.4816257,1,0.5454525,1
124340.jpg,0.578036,0.48159125,1,0.5455088,1
124387.jpg,0.5780001,0.48156434,1,0.54550725,1
124740.jpg,0.578005,0.4815882,1,0.5454971,1
124747.jpg,0.57797444,0.4815984,1,0.54547876,1
124832.jpg,0.57804024,0.48160192,1,0.5455051,1
125184.jpg,0.5780083,0.4816171,1,0.54548365,1
125543.jpg,0.5778588,0.48164174,1,0.54540676,1
125691.jpg,0.5780114,0.48157662,1,0.5455058,1
126526.jpg,0.5689494,0.4860786,1,0.5392742,1
126599.jpg,0.4793324,0.52117276,1,0.47909033,0
126663.jpg,0.40632874,0.547985,1,0.42578107,0
127063.jpg,0.5780031,0.48156708,1,0.54550713,1
127094.jpg,0.5777615,0.48187307,1,0.54524595,1
127195.jpg,0.57784843,0.4816109,1,0.5454182,1
127231.jpg,0.57780564,0.4815767,1,0.5454175,1
127266.jpg,0.4766681,0.5222931,1,0.47716376,0
127290.jpg,0.5778589,0.48162416,1,0.54541594,1
127325.jpg,0.5779683,0.48158672,1,0.5454821,1
127591.jpg,0.5778578,0.48163015,1,0.54541236,1
128207.jpg,0.57795954,0.48159343,1,0.54547495,1
128774.jpg,0.5778395,0.48163325,1,0.5454029,1
128859.jpg,0.5778791,0.48166317,1,0.5454045,1
129090.jpg,0.40427408,0.5484089,1,0.4243532,0
129316.jpg,0.5779684,0.4815933,1,0.54547876,1
129451.jpg,0.5780333,0.48159197,1,0.5455073,1
129514.jpg,0.5586795,0.49048918,1,0.53249735,1
129638.jpg,0.40422726,0.55002064,1,0.4236082,0
130265.jpg,0.57784003,0.4816087,1,0.54541576,1
130369.jpg,0.5779986,0.48159784,1,0.5454894,1
130464.jpg,0.57793474,0.48161763,1,0.54545176,1
130465.jpg,0.5780037,0.48161265,1,0.54548395,1
130927.jpg,0.5708907,0.48507515,1,0.5406337,1
131072.jpg,0.5778264,0.4816111,1,0.54540867,1
131141.jpg,0.5779336,0.48159286,1,0.5454641,1
131789.jpg,0.57798266,0.48159507,1,0.545484,1
131820.jpg,0.5778487,0.48158336,1,0.5454325,1
131907.jpg,0.57798475,0.48160192,1,0.5454813,1
132005.jpg,0.5777891,0.48165226,1,0.54537153,1
132284.jpg,0.5780241,0.48158866,1,0.54550505,1
132504.jpg,0.42464814,0.5411026,1,0.43970782,0
132899.jpg,0.5779213,0.4816058,1,0.5454521,1
133132.jpg,0.57798,0.48157263,1,0.5454943,1
133326.jpg,0.577972,0.48159033,1,0.5454818,1
133536.jpg,0.5779739,0.48156467,1,0.54549587,1
133597.jpg,0.57791984,0.4816087,1,0.54545,1
134063.jpg,0.5778479,0.48159197,1,0.54542774,1
134692.jpg,0.5778947,0.48165122,1,0.5454173,1
134794.jpg,0.5780487,0.4816087,1,0.5455053,1
134807.jpg,0.5778556,0.48163092,1,0.545411,1
134963.jpg,0.5779203,0.48159653,1,0.5454564,1
135082.jpg,0.57784337,0.4816158,1,0.5454135,1
135909.jpg,0.5780137,0.4815864,1,0.54550177,1
136185.jpg,0.57791096,0.48159873,1,0.5454513,1
136232.jpg,0.5778684,0.48158237,1,0.5454415,1
136468.jpg,0.5778798,0.48171443,1,0.54537845,1
136579.jpg,0.577946,0.4815524,1,0.5454902,1
136867.jpg,0.40390906,0.54981667,1,0.42350653,0
136913.jpg,0.5779339,0.4815908,1,0.54546523,1
137100.jpg,0.57791984,0.48158666,1,0.54546136,1
137250.jpg,0.404001,0.5490074,1,0.42392176,0
137329.jpg,0.5778487,0.48157373,1,0.54543746,1
137521.jpg,0.5780203,0.48159164,1,0.5455019,1
137555.jpg,0.5778627,0.48163036,1,0.5454143,1
137621.jpg,0.57797253,0.48162258,1,0.54546547,1
137683.jpg,0.5185772,0.5064033,1,0.5059386,1
137931.jpg,0.5779434,0.48161677,1,0.54545593,1
138146.jpg,0.57801414,0.48159376,1,0.54549813,1
138432.jpg,0.57795596,0.48157167,1,0.54548454,1
138861.jpg,0.5780156,0.4816244,1,0.545483,1
139199.jpg,0.5779855,0.48156798,1,0.54549915,1
139244.jpg,0.57796794,0.48157948,1,0.5454857,1
139291.jpg,0.5778641,0.4816372,1,0.5454114,1
140340.jpg,0.577881,0.48159862,1,0.5454385,1
140655.jpg,0.57794666,0.48160127,1,0.54546535,1
140712.jpg,0.57788736,0.48163202,1,0.54542404,1
140894.jpg,0.57801956,0.4815776,1,0.5455088,1
140954.jpg,0.577907,0.48157296,1,0.5454629,1
140970.jpg,0.5779421,0.48157656,1,0.54547614,1
141242.jpg,0.5778949,0.48158976,1,0.545449,1
141351.jpg,0.5779192,0.48157638,1,0.54546636,1
141428.jpg,0.57796717,0.48158672,1,0.5454816,1
141438.jpg,0.57796675,0.4815849,1,0.54548234,1
141808.jpg,0.5778793,0.48164043,1,0.54541624,1
142008.jpg,0.57796395,0.48159584,1,0.54547554,1
142389.jpg,0.57795227,0.4815915,1,0.5454728,1
143240.jpg,0.5779151,0.48161334,1,0.5454456,1
143276.jpg,0.40575004,0.5480201,1,0.425417,0
143321.jpg,0.5779415,0.48157656,1,0.5454758,1
143660.jpg,0.5779331,0.48157567,1,0.5454726,1
143804.jpg,0.5779066,0.4815767,1,0.5454608,1
143848.jpg,0.5776854,0.4818541,1,0.54522306,1
143882.jpg,0.5779204,0.48160216,1,0.5454536,1
178015.jpg,0.5779469,0.48159498,1,0.5454686,1
000007.jpg,0.40378976,0.54967237,0,0.42349848,0
000087.jpg,0.40370473,0.54954,0,0.42350587,0
000126.jpg,0.40869847,0.54688805,0,0.4276938,0
000128.jpg,0.40386885,0.5497241,0,0.4235233,0
000130.jpg,0.4043808,0.5503507,0,0.42355445,0
000167.jpg,0.40370053,0.54943323,0,0.42355075,0
000264.jpg,0.4041751,0.55013543,0,0.42352578,0
000272.jpg,0.40529227,0.55113614,0,0.423756,0
000375.jpg,0.40387368,0.54976475,0,0.4235082,0
000729.jpg,0.40459073,0.5505544,0,0.42359084,0
000927.jpg,0.4048584,0.54862326,0,0.42461058,0
000939.jpg,0.40505892,0.5509579,0,0.42369434,0
001111.jpg,0.40360263,0.5492268,0,0.42358327,0
001391.jpg,0.40448868,0.55045843,0,0.42357183,0
001437.jpg,0.40395555,0.5498814,0,0.42350587,0
001489.jpg,0.57792753,0.48163688,0,0.5454388,1
001665.jpg,0.4103125,0.5462628,0,0.42893907,0
002037.jpg,0.40363705,0.5494576,0,0.42350152,0
002111.jpg,0.40451613,0.5504856,0,0.42357635,0
002431.jpg,0.41363856,0.54527384,0,0.4313622,0
002459.jpg,0.5779256,0.4816963,0,0.54540735,1
002617.jpg,0.40460917,0.550573,0,0.4235937,0
002656.jpg,0.40379,0.54964304,0,0.42351165,0
002682.jpg,0.40412787,0.5500775,0,0.42352292,0
002700.jpg,0.40402937,0.5499705,0,0.4235109,0
002926.jpg,0.40436894,0.5503387,0,0.42355263,0
003010.jpg,0.4047731,0.5507197,0,0.4236276,0
003106.jpg,0.40352455,0.54925865,0,0.42352188,0
003285.jpg,0.40366584,0.5494975,0,0.42350122,0
003479.jpg,0.40392837,0.5490469,0,0.42386028,0
003552.jpg,0.40364546,0.5494215,0,0.42352268,0
003588.jpg,0.4036473,0.54883915,0,0.42378274,0
003714.jpg,0.40374914,0.5488206,0,0.4238526,0
003861.jpg,0.57791257,0.48158613,0,0.5454585,1
004179.jpg,0.40361136,0.54907364,0,0.42365667,0
004215.jpg,0.40462926,0.55059075,0,0.423598,0
004387.jpg,0.4036504,0.5494114,0,0.42353013,0
004880.jpg,0.40404236,0.5490404,0,0.4239321,0
005022.jpg,0.4037812,0.5496506,0,0.42350295,0
005073.jpg,0.40387717,0.5497538,0,0.42351517,0
005503.jpg,0.40357745,0.54934686,0,0.4235147,0
005626.jpg,0.4039823,0.5498682,0,0.4235279,0
006115.jpg,0.40396574,0.54979616,0,0.42354986,0
006150.jpg,0.40414914,0.5500985,0,0.4235265,0
006234.jpg,0.40584764,0.55151105,0,0.42392433,0
006689.jpg,0.40755832,0.5472994,0,0.42682624,0
006827.jpg,0.4040342,0.54997736,0,0.4235108,0
007399.jpg,0.41575727,0.5443005,0,0.43305445,0
007563.jpg,0.40469888,0.54820114,0,0.42470235,0
007596.jpg,0.40486208,0.5507953,0,0.42364773,0
007604.jpg,0.40367177,0.5494527,0,0.4235247,0
007738.jpg,0.4059523,0.5479805,0,0.4255565,0
007875.jpg,0.5778523,0.48166907,0,0.5453899,1
007881.jpg,0.40398127,0.54991037,0,0.42350855,0
007952.jpg,0.40553832,0.55131006,0,0.42382714,0
008351.jpg,0.4095768,0.54660535,0,0.428346,0
008572.jpg,0.40457052,0.55053484,0,0.42358732,0
008576.jpg,0.4038717,0.5497733,0,0.4235032,0
008596.jpg,0.40546015,0.55125564,0,0.42380416,0
008792.jpg,0.40470013,0.55065596,0,0.4236118,0
008794.jpg,0.40516996,0.55104446,0,0.42372292,0
008804.jpg,0.40416244,0.549148,0,0.42395678,0
009099.jpg,0.40348116,0.54896915,0,0.42362437,0
009161.jpg,0.40402034,0.5488819,0,0.4239893,0
009292.jpg,0.57793474,0.4816021,0,0.5454598,1
009553.jpg,0.40441832,0.54892886,0,0.42420885,0
009715.jpg,0.40358815,0.54935163,0,0.42351905,0
010200.jpg,0.40402415,0.54996127,0,0.42351186,0
010334.jpg,0.40464553,0.5485855,0,0.42449895,0
010371.jpg,0.403775,0.5496425,0,0.4235028,0
010475.jpg,0.49425426,0.5158086,0,0.48933023,0
010760.jpg,0.4049347,0.5508579,0,0.42366377,0
010972.jpg,0.4179644,0.5435109,0,0.43471152,0
010974.jpg,0.40723383,0.54758763,0,0.4265026,0
011053.jpg,0.4051499,0.5510287,0,0.4237178,0
011295.jpg,0.40415886,0.55011594,0,0.42352462,0
011299.jpg,0.4044066,0.5503789,0,0.42355755,0
011317.jpg,0.4040467,0.54997224,0,0.42352062,0
011376.jpg,0.40384778,0.54892385,0,0.42386627,0
011406.jpg,0.405938,0.54756206,0,0.42573464,0
011464.jpg,0.5763648,0.48266274,0,0.5442397,1
011501.jpg,0.4037609,0.5495984,0,0.4235139,0
011768.jpg,0.40391195,0.5498288,0,0.42350286,0
011770.jpg,0.40392524,0.5496568,0,0.4235873,0
011920.jpg,0.40570253,0.55141914,0,0.4238777,0
012218.jpg,0.40405124,0.5499877,0,0.4235165,0
012399.jpg,0.4036378,0.5491216,0,0.42365134,0
012537.jpg,0.4049807,0.54806864,0,0.42493153,0
012755.jpg,0.40412816,0.5487615,0,0.42410803,0
012840.jpg,0.40435058,0.5503191,0,0.42355025,0
012842.jpg,0.40449023,0.5484377,0,0.42447096,0
013214.jpg,0.40408152,0.55002844,0,0.42351672,0
013296.jpg,0.57786345,0.48162207,0,0.5454189,1
013316.jpg,0.40556678,0.5513294,0,0.42383572,0
013433.jpg,0.42319584,0.5417273,0,0.43857983,0
013732.jpg,0.403461,0.5490724,0,0.42356628,0
013935.jpg,0.40393418,0.54964197,0,0.4235993,0
014131.jpg,0.40437576,0.550348,0,0.42355266,0
014301.jpg,0.40452322,0.55049115,0,0.42357817,0
014582.jpg,0.40369338,0.5492673,0,0.4236202,0
014807.jpg,0.4035476,0.5493078,0,0.42351398,0
014993.jpg,0.40409485,0.5500397,0,0.42351976,0
015140.jpg,0.4043915,0.5503613,0,0.42355624,0
015226.jpg,0.40524802,0.55110335,0,0.42374384,0
015228.jpg,0.40523362,0.5510925,0,0.42374,0
015289.jpg,0.40381733,0.5496994,0,0.42350313,0
015290.jpg,0.40448922,0.550451,0,0.42357543,0
015334.jpg,0.40429989,0.5502701,0,0.4235414,0
015348.jpg,0.57778025,0.48160017,0,0.5453945,1
015395.jpg,0.40442657,0.55039376,0,0.423563,0
015434.jpg,0.40352708,0.5492809,0,0.42351356,0
015484.jpg,0.5779904,0.48158544,0,0.5454923,1
015603.jpg,0.4033229,0.5488146,0,0.42359734,0
015759.jpg,0.4041467,0.55008876,0,0.42352933,0
015794.jpg,0.42808932,0.5399806,0,0.4422091,0
016063.jpg,0.40359673,0.5493461,0,0.42352667,0
016192.jpg,0.40495574,0.5508749,0,0.42366892,0
016363.jpg,0.40360504,0.5491007,0,0.42364082,0
016428.jpg,0.4041704,0.55013144,0,0.4235247,0
016686.jpg,0.41880888,0.5428822,0,0.4354921,0
016707.jpg,0.40416056,0.55012137,0,0.42352322,0
017109.jpg,0.40462148,0.5505849,0,0.42359588,0
017246.jpg,0.45394698,0.5306826,0,0.46103323,0
017597.jpg,0.44518507,0.533894,0,0.45469776,0
017599.jpg,0.40429434,0.5502615,0,0.42354184,0
017629.jpg,0.40384477,0.5492476,0,0.42372048,0
017641.jpg,0.40377867,0.5490072,0,0.42378744,0
017684.jpg,0.40435007,0.5503206,0,0.42354926,0
017739.jpg,0.40417323,0.55012304,0,0.42353016,0
018006.jpg,0.40413564,0.55008966,0,0.42352223,0
018192.jpg,0.4036604,0.54941666,0,0.42353383,0
018200.jpg,0.40430278,0.55027103,0,0.4235427,0
018846.jpg,0.4039455,0.54982847,0,0.4235233,0
019067.jpg,0.40434852,0.5503179,0,0.42354956,0
019196.jpg,0.44834343,0.5325809,0,0.45706218,0
019438.jpg,0.40390173,0.54981256,0,0.42350394,0
019658.jpg,0.40465444,0.5506141,0,0.42360282,0
019787.jpg,0.40417594,0.5491142,0,0.42397997,0
019963.jpg,0.40399042,0.54906476,0,0.42388988,0
020118.jpg,0.4040203,0.54996234,0,0.42350906,0
020120.jpg,0.4048742,0.5482786,0,0.42477363,0
020381.jpg,0.40462884,0.550589,0,0.4235985,0
020957.jpg,0.4043115,0.55028236,0,0.42354295,0
021015.jpg,0.4039251,0.54983485,0,0.42350814,0
021141.jpg,0.40354726,0.54930854,0,0.42351344,0
021293.jpg,0.40948826,0.54674554,0,0.4282303,0
021407.jpg,0.40337726,0.54856884,0,0.42373958,0
021692.jpg,0.4044305,0.5504023,0,0.4235616,0
021895.jpg,0.5778563,0.48163489,0,0.54540926,1
022021.jpg,0.5779237,0.4816464,0,0.54543227,1
022028.jpg,0.40380403,0.54968476,0,0.42350158,0
022333.jpg,0.40403748,0.5491871,0,0.4238639,0
022400.jpg,0.40478277,0.55072886,0,0.42362934,0
022445.jpg,0.40412042,0.5500644,0,0.4235243,0
022584.jpg,0.40408814,0.5500366,0,0.42351708,0
023207.jpg,0.49902195,0.5138718,0,0.4926696,0
023619.jpg,0.40376607,0.5494721,0,0.42357314,0
023662.jpg,0.43323454,0.5380811,0,0.4460286,0
023933.jpg,0.40487623,0.5508087,0,0.42365032,0
024131.jpg,0.4084557,0.5470597,0,0.4274716,0
024179.jpg,0.40468293,0.55064017,0,0.42360845,0
024312.jpg,0.4102769,0.5464819,0,0.42881957,0
024318.jpg,0.40388224,0.5497895,0,0.4235024,0
024362.jpg,0.406083,0.5480839,0,0.42558905,0
024444.jpg,0.4042711,0.55023444,0,0.4235398,0
024572.jpg,0.40420786,0.5501714,0,0.42352962,0
024686.jpg,0.40405694,0.5499992,0,0.42351484,0
024994.jpg,0.40533915,0.54825675,0,0.42506388,0
025201.jpg,0.4040461,0.54997706,0,0.42351812,0
025305.jpg,0.40377426,0.5496381,0,0.42350432,0
025450.jpg,0.57508385,0.48313743,0,0.5434438,1
025789.jpg,0.40413815,0.55008435,0,0.4235261,0
025834.jpg,0.4049728,0.5508888,0,0.42367306,0
025993.jpg,0.4390881,0.53615594,0,0.4502341,0
026203.jpg,0.4037885,0.5491757,0,0.42371845,0
026424.jpg,0.4038788,0.54976374,0,0.42351174,0
026456.jpg,0.40463895,0.55060035,0,0.42359957,0
026594.jpg,0.57789886,0.4815828,0,0.5454543,1
026635.jpg,0.40386465,0.54974496,0,0.42351153,0
026641.jpg,0.40400708,0.54921705,0,0.4238322,0
026643.jpg,0.40401322,0.54881227,0,0.42401597,0
026647.jpg,0.40377876,0.54963416,0,0.42350882,0
026653.jpg,0.40396726,0.54880685,0,0.4239906,0
026670.jpg,0.40418884,0.5488916,0,0.4240868,0
026765.jpg,0.40957123,0.5467736,0,0.4282673,0
026896.jpg,0.40378323,0.54924846,0,0.42368293,0
026899.jpg,0.4040748,0.5500199,0,0.42351642,0
027213.jpg,0.40452346,0.55049306,0,0.42357746,0
027231.jpg,0.40366727,0.54912716,0,0.4236667,0
027949.jpg,0.40472037,0.55067354,0,0.42361623,0
028266.jpg,0.4257816,0.5404091,0,0.4406807,0
028398.jpg,0.577882,0.48165205,0,0.5454114,1
028407.jpg,0.40405545,0.54999834,0,0.42351434,0
029585.jpg,0.40374643,0.54954386,0,0.42352936,0
029586.jpg,0.40390494,0.5496924,0,0.42355925,0
029662.jpg,0.40428284,0.55024356,0,0.42354286,0
029696.jpg,0.40397054,0.5499033,0,0.42350522,0
029747.jpg,0.40417174,0.5501283,0,0.42352688,0
029847.jpg,0.4034955,0.5492002,0,0.4235303,0
029988.jpg,0.40380886,0.54969925,0,0.42349806,0
029998.jpg,0.4039149,0.549605,0,0.42360404,0
030072.jpg,0.40372065,0.5493148,0,0.42361555,0
030118.jpg,0.4048212,0.55076206,0,0.4236378,0
030377.jpg,0.404074,0.5500003,0,0.42352468,0
030502.jpg,0.40354407,0.5492012,0,0.42355925,0
030505.jpg,0.4066845,0.5476797,0,0.42613134,0
030520.jpg,0.57172847,0.4848753,0,0.54110014,1
030581.jpg,0.4049534,0.5485657,0,0.42469352,0
030616.jpg,0.4131413,0.5452126,0,0.4310947,0
031065.jpg,0.5780344,0.4816275,0,0.5454895,1
031172.jpg,0.4034923,0.54905605,0,0.42359245,0
031589.jpg,0.40527654,0.5486025,0,0.42487204,0
031653.jpg,0.40438822,0.55036014,0,0.42355475,0
031902.jpg,0.5480589,0.4948027,0,0.5255337,1
031907.jpg,0.4037756,0.5488792,0,0.4238425,0
032262.jpg,0.40405416,0.5499243,0,0.4235464,0
032490.jpg,0.40389463,0.5486665,0,0.42400914,0
032959.jpg,0.40359426,0.54925126,0,0.42356735,0
033173.jpg,0.40422562,0.55019164,0,0.42353135,0
033226.jpg,0.4050698,0.5482461,0,0.4249062,0
033238.jpg,0.40424225,0.55020624,0,0.4235349,0
033284.jpg,0.4041302,0.54998446,0,0.42356563,0
033296.jpg,0.40373215,0.54953694,0,0.42352378,0
033390.jpg,0.5779462,0.48161116,0,0.54546005,1
033474.jpg,0.4041951,0.55005306,0,0.4235744,0
033593.jpg,0.40383485,0.5497083,0,0.42350978,0
033671.jpg,0.40410542,0.5500564,0,0.42351875,0
033908.jpg,0.40396285,0.5497577,0,0.4235652,0
034054.jpg,0.40406755,0.55001235,0,0.42351544,0
034281.jpg,0.40377265,0.549127,0,0.42373052,0
034294.jpg,0.41208708,0.54575485,0,0.4302245,0
034317.jpg,0.40408495,0.55003136,0,0.4235175,0
034455.jpg,0.4049377,0.55085975,0,0.42366478,0
034726.jpg,0.40408587,0.55003333,0,0.42351717,0
034893.jpg,0.4041558,0.5501064,0,0.42352697,0
034895.jpg,0.40396866,0.5498926,0,0.42350882,0
035152.jpg,0.4038384,0.5497355,0,0.42349985,0
035195.jpg,0.40394327,0.5497798,0,0.42354357,0
035422.jpg,0.4040539,0.5500002,0,0.42351255,0
035739.jpg,0.4044116,0.5503829,0,0.4235588,0
035779.jpg,0.40395787,0.5497378,0,0.42357105,0
035895.jpg,0.40400562,0.54977363,0,0.423584,0
036160.jpg,0.403688,0.54948103,0,0.42352194,0
036336.jpg,0.4043286,0.5502751,0,0.42355654,0
036596.jpg,0.40388632,0.54978925,0,0.42350495,0
036597.jpg,0.40367007,0.5493569,0,0.42356628,0
036666.jpg,0.40411884,0.55006355,0,0.4235237,0
036686.jpg,0.40371808,0.5495448,0,0.42351177,0
037424.jpg,0.5077116,0.510716,0,0.49852496,0
037760.jpg,0.577859,0.48160914,0,0.5454236,1
038395.jpg,0.4278966,0.53993374,0,0.44211945,0
038533.jpg,0.40593752,0.5478999,0,0.42558357,0
038619.jpg,0.57780033,0.481584,0,0.5454114,1
038938.jpg,0.40466133,0.548832,0,0.4243987,0
038943.jpg,0.4035949,0.5491735,0,0.42360234,0
039403.jpg,0.40378702,0.5493304,0,0.42364874,0
040113.jpg,0.40432242,0.5502885,0,0.4235468,0
040117.jpg,0.40468627,0.5506428,0,0.4236093,0
040209.jpg,0.53645605,0.49957407,0,0.5177997,1
040214.jpg,0.4041105,0.5500577,0,0.42352122,0
040304.jpg,0.40406698,0.5500157,0,0.4235136,0
040445.jpg,0.4056696,0.5479875,0,0.42538306,0
040604.jpg,0.41443127,0.54488224,0,0.43200818,0
040667.jpg,0.40404925,0.5499495,0,0.42353225,0
040746.jpg,0.4041222,0.5486316,0,0.42416227,0
041027.jpg,0.4073685,0.5477226,0,0.42652318,0
041067.jpg,0.40494367,0.5486269,0,0.4246604,0
041069.jpg,0.40377355,0.5496345,0,0.42350549,0
041227.jpg,0.55555856,0.49176386,0,0.5304561,1
041665.jpg,0.4037229,0.5492739,0,0.4236351,0
041785.jpg,0.403862,0.5497592,0,0.42350358,0
042030.jpg,0.57791364,0.48167208,0,0.54541475,1
042119.jpg,0.40379965,0.54964817,0,0.4235152,0
042349.jpg,0.40411064,0.55006385,0,0.4235186,0
042443.jpg,0.40409383,0.5500131,0,0.42353097,0
042553.jpg,0.40399718,0.5499127,0,0.42351714,0
042591.jpg,0.40372583,0.5495763,0,0.4235025,0
042606.jpg,0.40370297,0.54953825,0,0.42350557,0
042615.jpg,0.40407622,0.55001986,0,0.42351732,0
042655.jpg,0.40381128,0.54950446,0,0.42358607,0
042906.jpg,0.40483594,0.5507735,0,0.42364162,0
043131.jpg,0.4042274,0.55019355,0,0.4235316,0
043261.jpg,0.4039646,0.54988515,0,0.42350966,0
043326.jpg,0.40387005,0.5497448,0,0.42351484,0
043674.jpg,0.57482284,0.48341456,0,0.5431889,1
044368.jpg,0.40352622,0.5490643,0,0.42360935,0
044369.jpg,0.4037795,0.5488903,0,0.42383993,0
044435.jpg,0.40437385,0.5503456,0,0.42355257,0
044937.jpg,0.4035072,0.5492158,0,0.42353043,0
045169.jpg,0.4042067,0.5501308,0,0.4235469,0
045302.jpg,0.4038372,0.5497338,0,0.42349988,0
045342.jpg,0.40386653,0.5487693,0,0.4239464,0
045770.jpg,0.43793344,0.53633255,0,0.44950092,0
046189.jpg,0.40376008,0.5493318,0,0.42363185,0
046383.jpg,0.40387994,0.5497764,0,0.4235068,0
046446.jpg,0.403847,0.54973745,0,0.4235042,0
046586.jpg,0.40441212,0.55038375,0,0.42355874,0
046597.jpg,0.4038728,0.54923534,0,0.4237429,0
046992.jpg,0.40786275,0.54710335,0,0.4270966,0
047654.jpg,0.40425724,0.5485302,0,0.424289,0
047688.jpg,0.57258534,0.48441988,0,0.54170537,1
047962.jpg,0.4042689,0.55023783,0,0.42353696,0
048063.jpg,0.40486464,0.54825455,0,0.4247786,0
048190.jpg,0.4036913,0.5494204,0,0.42355087,0
048208.jpg,0.57786334,0.4816171,0,0.5454214,1
048222.jpg,0.57797277,0.4815617,0,0.54549694,1
048299.jpg,0.40364218,0.5488511,0,0.42377433,0
048536.jpg,0.40402216,0.54972535,0,0.42361543,0
049183.jpg,0.5278525,0.5028293,0,0.5121391,1
049412.jpg,0.40394765,0.5488291,0,0.42396885,0
049512.jpg,0.40362206,0.54940635,0,0.42351523,0
050009.jpg,0.40431195,0.55027896,0,0.42354473,0
050321.jpg,0.4042162,0.55016434,0,0.4235378,0
050364.jpg,0.403979,0.5497506,0,0.4235781,0
050399.jpg,0.40406603,0.5500066,0,0.42351705,0
050834.jpg,0.48485273,0.51898694,0,0.48299816,0
050877.jpg,0.40581593,0.55149126,0,0.423914,0
050905.jpg,0.40387106,0.5496148,0,0.4235732,0
051036.jpg,0.40412205,0.550069,0,0.42352322,0
051459.jpg,0.40398204,0.54911506,0,0.42386243,0
051569.jpg,0.57794493,0.48157632,0,0.54547745,1
051716.jpg,0.5776536,0.48164684,0,0.5453161,1
052025.jpg,0.5778857,0.48161376,0,0.5454327,1
052070.jpg,0.40446052,0.54869175,0,0.42433986,0
052269.jpg,0.4039065,0.549807,0,0.42350924,0
052365.jpg,0.40352893,0.5491053,0,0.42359272,0
052506.jpg,0.5559763,0.4916188,0,0.5307168,1
052541.jpg,0.40400824,0.5499454,0,0.4235093,0
052622.jpg,0.40441343,0.55038583,0,0.4235586,0
052682.jpg,0.42693442,0.54018766,0,0.44144833,0
052701.jpg,0.57791996,0.48161238,0,0.5454481,1
052836.jpg,0.40406176,0.54997194,0,0.42352986,0
052902.jpg,0.404219,0.550179,0,0.42353293,0
053249.jpg,0.40423173,0.5501857,0,0.42353767,0
053583.jpg,0.40428984,0.5502572,0,0.42354104,0
054046.jpg,0.40406898,0.55001813,0,0.4235137,0
054086.jpg,0.41907996,0.54291576,0,0.43563598,0
054186.jpg,0.5778547,0.4816096,0,0.54542154,1
054344.jpg,0.40399945,0.54970676,0,0.42360997,0
054803.jpg,0.40421924,0.54887027,0,0.42411467,0
055004.jpg,0.40373456,0.5495775,0,0.42350724,0
055074.jpg,0.40885958,0.5468458,0,0.4278092,0
055104.jpg,0.40430215,0.55027246,0,0.4235417,0
055238.jpg,0.40429488,0.5486981,0,0.42423698,0
055255.jpg,0.40403903,0.5499727,0,0.42351577,0
055511.jpg,0.5423355,0.49712354,0,0.5217479,1
055516.jpg,0.40464345,0.5506048,0,0.42360032,0
055586.jpg,0.5778278,0.48161376,0,0.5454079,1
055958.jpg,0.40377018,0.5495563,0,0.4235382,0
056256.jpg,0.40598208,0.55159295,0,0.42396894,0
056373.jpg,0.4053191,0.55115575,0,0.42376345,0
056822.jpg,0.40450838,0.5485333,0,0.42443934,0
056871.jpg,0.40355265,0.54928035,0,0.42352927,0
056897.jpg,0.4042734,0.55023855,0,0.42353937,0
056918.jpg,0.43429124,0.5377996,0,0.44675994,0
056928.jpg,0.40428212,0.55024606,0,0.4235413,0
056967.jpg,0.40401497,0.54941493,0,0.423749,0
056983.jpg,0.4038743,0.5497721,0,0.4235053,0
056986.jpg,0.40351707,0.5492071,0,0.4235403,0
057690.jpg,0.40383634,0.54960096,0,0.42355835,0
057783.jpg,0.40397233,0.5498153,0,0.42354536,0
057866.jpg,0.4039745,0.549853,0,0.42352995,0
057874.jpg,0.4042955,0.5502654,0,0.42354083,0
058090.jpg,0.4035547,0.5492972,0,0.423523,0
058165.jpg,0.40391085,0.54981565,0,0.42350802,0
058293.jpg,0.4037184,0.549519,0,0.42352346,0
058481.jpg,0.5665401,0.48714966,0,0.53767264,1
058591.jpg,0.57786745,0.48167527,0,0.5453933,1
058796.jpg,0.40459198,0.5505573,0,0.4235903,0
059018.jpg,0.40451348,0.5504764,0,0.42357883,0
059199.jpg,0.40406704,0.55001336,0,0.42351466,0
059439.jpg,0.40406415,0.54999614,0,0.42352054,0
059515.jpg,0.40393215,0.5497217,0,0.42356265,0
059660.jpg,0.4037156,0.5495652,0,0.42350125,0
059879.jpg,0.40364882,0.54912096,0,0.4236583,0
059920.jpg,0.40709832,0.5476506,0,0.4263931,0
060108.jpg,0.577763,0.48180586,0,0.54528123,1
060800.jpg,0.40538698,0.5512045,0,0.42378277,0
060858.jpg,0.40375566,0.54936135,0,0.42361605,0
060923.jpg,0.57796603,0.48160043,0,0.54547405,1
060931.jpg,0.42307016,0.54149437,0,0.43861258,0
060973.jpg,0.40381402,0.54914105,0,0.42374927,0
061091.jpg,0.57772774,0.48165542,0,0.5453435,1
061203.jpg,0.40396056,0.5498123,0,0.42353955,0
061783.jpg,0.40431827,0.55028456,0,0.42354608,0
061865.jpg,0.40462875,0.54872745,0,0.42442557,0
061937.jpg,0.40422097,0.5489392,0,0.42408505,0
061999.jpg,0.40373197,0.5495913,0,0.42349955,0
062264.jpg,0.40360257,0.54904974,0,0.42366198,0
062456.jpg,0.40359735,0.54911035,0,0.42363188,0
062753.jpg,0.40418157,0.5491071,0,0.42398655,0
062862.jpg,0.5779387,0.4816111,0,0.5454568,1
062896.jpg,0.40698278,0.5477559,0,0.42627662,0
063505.jpg,0.4041355,0.550084,0,0.42352468,0
063519.jpg,0.40385583,0.54974324,0,0.42350695,0
063883.jpg,0.4046465,0.550607,0,0.42360115,0
063887.jpg,0.40593123,0.547797,0,0.42562568,0
064215.jpg,0.40410736,0.5500586,0,0.42351896,0
064246.jpg,0.40385866,0.54900336,0,0.4238375,0
064843.jpg,0.4525736,0.5307947,0,0.460228,0
065074.jpg,0.40366852,0.5494951,0,0.4235039,0
065124.jpg,0.4120639,0.5458265,0,0.43017855,0
065378.jpg,0.40437362,0.54867196,0,0.4242962,0
065714.jpg,0.4045484,0.5505156,0,0.42358252,0
066184.jpg,0.54220855,0.49722892,0,0.5216365,1
066436.jpg,0.40399256,0.54990953,0,0.42351574,0
066540.jpg,0.40432733,0.5502977,0,0.42354572,0
066983.jpg,0.40361872,0.5494331,0,0.42350134,0
067238.jpg,0.40507367,0.550969,0,0.42369834,0
067373.jpg,0.4079321,0.54673076,0,0.4273049,0
067514.jpg,0.40364093,0.5494202,0,0.4235205,0
068208.jpg,0.4041802,0.55013466,0,0.4235292,0
068734.jpg,0.407194,0.5476437,0,0.42645362,0
068787.jpg,0.40352893,0.5491893,0,0.42355537,0
068799.jpg,0.40413332,0.54880613,0,0.42409128,0
069067.jpg,0.577783,0.4815729,0,0.54540974,1
069925.jpg,0.425777,0.54095656,0,0.44042847,0
070463.jpg,0.4039132,0.5497888,0,0.4235214,0
070582.jpg,0.40457013,0.5505373,0,0.42358598,0
070632.jpg,0.40368244,0.5491792,0,0.42365274,0
070660.jpg,0.40371677,0.5491552,0,0.4236842,0
071243.jpg,0.40521878,0.55108154,0,0.42373592,0
071263.jpg,0.40581584,0.5485386,0,0.4252255,0
071328.jpg,0.4035116,0.5492471,0,0.42351922,0
071414.jpg,0.4040847,0.55001533,0,0.42352447,0
071425.jpg,0.40375197,0.54959804,0,0.42350864,0
071781.jpg,0.40400088,0.54993135,0,0.4235111,0
072097.jpg,0.40402675,0.54971623,0,0.42362225,0
072479.jpg,0.40410239,0.55004096,0,0.42352375,0
072518.jpg,0.40394047,0.54986125,0,0.4235057,0
072553.jpg,0.40410715,0.5489822,0,0.42399713,0
072596.jpg,0.40531507,0.551152,0,0.4237627,0
072857.jpg,0.44125682,0.5350954,0,0.4519443,0
072958.jpg,0.4089277,0.5466536,0,0.42793608,0
073495.jpg,0.40485448,0.5507884,0,0.4236462,0
073782.jpg,0.57784176,0.48158982,0,0.54542625,1
074060.jpg,0.412027,0.545528,0,0.4302907,0
074406.jpg,0.4037621,0.5496241,0,0.4235032,0
074537.jpg,0.4042624,0.5490443,0,0.42406332,0
074555.jpg,0.4039103,0.5498204,0,0.4235056,0
074579.jpg,0.4076117,0.5471788,0,0.4269122,0
074596.jpg,0.40374607,0.5494718,0,0.42356116,0
074705.jpg,0.40346193,0.54911214,0,0.42354915,0
074747.jpg,0.4039265,0.5498499,0,0.4235023,0
074887.jpg,0.40382499,0.5494736,0,0.4236081,0
075202.jpg,0.40375012,0.5486252,0,0.42394015,0
075619.jpg,0.40343818,0.5491539,0,0.42351618,0
075623.jpg,0.40378043,0.54949564,0,0.42357135,0
075625.jpg,0.4044536,0.55042535,0,0.42356533,0
075870.jpg,0.4044797,0.5504477,0,0.42357114,0
075903.jpg,0.40534735,0.54842585,0,0.42499343,0
076191.jpg,0.40427625,0.5502396,0,0.42354062,0
076441.jpg,0.4037233,0.5495555,0,0.42351022,0
076637.jpg,0.4036587,0.54947317,0,0.42350772,0
076712.jpg,0.40421852,0.5501808,0,0.42353186,0
076788.jpg,0.56379217,0.48833087,0,0.53586143,1
076981.jpg,0.4042072,0.54897314,0,0.42406163,0
077002.jpg,0.50473034,0.5117364,0,0.49655372,0
077036.jpg,0.4035898,0.5493539,0,0.42351905,0
077046.jpg,0.4195924,0.5431373,0,0.43583617,0
077138.jpg,0.5232697,0.5047015,0,0.5090315,1
077211.jpg,0.40426898,0.5502369,0,0.42353746,0
077245.jpg,0.40436205,0.5490189,0,0.42413482,0
077759.jpg,0.57769686,0.48182368,0,0.5452437,1
078233.jpg,0.40407655,0.5500159,0,0.42351925,0
078518.jpg,0.40428922,0.54913884,0,0.4240375,0
078543.jpg,0.4035793,0.54920065,0,0.4235808,0
078635.jpg,0.40427282,0.54873186,0,0.42420864,0
078839.jpg,0.4038334,0.5495648,0,0.42357266,0
078870.jpg,0.4037518,0.54953605,0,0.42353606,0
078961.jpg,0.5776765,0.4816679,0,0.5453151,1
079179.jpg,0.4039152,0.54894096,0,0.42389944,0
079181.jpg,0.40495265,0.5508717,0,0.4236685,0
079190.jpg,0.5779408,0.48158783,0,0.54546976,1
079575.jpg,0.40356874,0.5493468,0,0.42350945,0
079613.jpg,0.42442408,0.54112756,0,0.43956643,0
079819.jpg,0.40379038,0.5495845,0,0.4235379,0
080005.jpg,0.4035549,0.5487313,0,0.42377478,0
080241.jpg,0.40423805,0.5502018,0,0.42353433,0
080281.jpg,0.40391213,0.5498071,0,0.42351264,0
080293.jpg,0.4041058,0.55005,0,0.42352182,0
080395.jpg,0.4039938,0.54992586,0,0.42350924,0
080589.jpg,0.40421867,0.550182,0,0.4235314,0
080821.jpg,0.40565997,0.5513913,0,0.4238644,0
081006.jpg,0.41267377,0.5456691,0,0.43061182,0
081218.jpg,0.403562,0.54933506,0,0.4235106,0
081242.jpg,0.403952,0.5497608,0,0.42355728,0
081254.jpg,0.40417746,0.5501376,0,0.42352623,0
081261.jpg,0.4039192,0.54925674,0,0.42376143,0
081268.jpg,0.55426645,0.49229705,0,0.52960616,1
081279.jpg,0.41779172,0.5437143,0,0.43451807,0
081339.jpg,0.57799053,0.48158893,0,0.5454905,1
081688.jpg,0.43981725,0.5355335,0,0.4509324,0
081960.jpg,0.40479523,0.5507387,0,0.4236325,0
082211.jpg,0.40801457,0.54742956,0,0.4270418,0
082256.jpg,0.40543228,0.5483211,0,0.4250913,0
082472.jpg,0.40412825,0.5500519,0,0.42353454,0
082668.jpg,0.5779815,0.48160386,0,0.54547894,1
083168.jpg,0.40447244,0.5504433,0,0.42356873,0
083525.jpg,0.40603992,0.5516272,0,0.42398858,0
083567.jpg,0.40339854,0.5489317,0,0.42359102,0
083622.jpg,0.41352567,0.545012,0,0.43141305,0
083710.jpg,0.40464687,0.55060714,0,0.42360133,0
083843.jpg,0.5779578,0.4815812,0,0.54548043,1
083911.jpg,0.40421137,0.5501746,0,0.42353028,0
084038.jpg,0.4044636,0.5488901,0,0.42425343,0
084382.jpg,0.40373924,0.5495392,0,0.4235271,0
084476.jpg,0.40367746,0.54907787,0,0.4236948,0
084537.jpg,0.40368956,0.54918224,0,0.4236557,0
085059.jpg,0.4045064,0.5486252,0,0.42439723,0
085153.jpg,0.40499485,0.5509068,0,0.42367837,0
085437.jpg,0.4048624,0.5507974,0,0.423647,0
085577.jpg,0.40478036,0.55072683,0,0.4236288,0
085652.jpg,0.40368813,0.54905665,0,0.42371067,0
085965.jpg,0.403688,0.5495062,0,0.42351076,0
086082.jpg,0.40381178,0.5486941,0,0.4239468,0
086597.jpg,0.40366852,0.5494972,0,0.42350298,0
086782.jpg,0.4073991,0.54767895,0,0.42656106,0
086875.jpg,0.40361026,0.5493636,0,0.42352712,0
086933.jpg,0.40642813,0.54785365,0,0.42589948,0
087563.jpg,0.40462625,0.5505884,0,0.4235972,0
087838.jpg,0.40372428,0.54958755,0,0.42349657,0
088005.jpg,0.4064109,0.54758954,0,0.42600703,0
088244.jpg,0.4036995,0.54951763,0,0.4235126,0
088300.jpg,0.40441948,0.5488809,0,0.4242309,0
088381.jpg,0.4040257,0.5499092,0,0.4235359,0
088542.jpg,0.40392727,0.54983133,0,0.423511,0
089070.jpg,0.4037008,0.5495373,0,0.42350468,0
089074.jpg,0.40742356,0.5474902,0,0.42666006,0
089242.jpg,0.4037349,0.5495739,0,0.42350903,0
089926.jpg,0.40410295,0.5500564,0,0.42351726,0
090071.jpg,0.40381882,0.54960966,0,0.4235439,0
090096.jpg,0.40347844,0.5491697,0,0.42353353,0
090164.jpg,0.40345258,0.54914176,0,0.4235303,0
090170.jpg,0.5636809,0.4883813,0,0.5357867,1
090371.jpg,0.40403,0.5499639,0,0.42351422,0
091093.jpg,0.40467304,0.5506286,0,0.42360762,0
091163.jpg,0.40417778,0.550139,0,0.4235258,0
091367.jpg,0.40673047,0.5519953,0,0.42424068,0
091700.jpg,0.40375412,0.5495725,0,0.42352128,0
091774.jpg,0.40385315,0.54972494,0,0.42351344,0
092181.jpg,0.40523428,0.551093,0,0.42374018,0
092215.jpg,0.5779964,0.48158523,0,0.5454949,1
092511.jpg,0.40503255,0.54858977,0,0.42473054,0
092538.jpg,0.40420207,0.5501664,0,0.4235283,0
092551.jpg,0.40375245,0.5493679,0,0.4236112,0
092624.jpg,0.40427566,0.5502436,0,0.4235385,0
092794.jpg,0.40356183,0.5490538,0,0.42363554,0
092847.jpg,0.40678793,0.5474262,0,0.42630675,0
093145.jpg,0.403922,0.5498386,0,0.4235046,0
093290.jpg,0.4042189,0.5501816,0,0.42353174,0
093675.jpg,0.40381706,0.54965377,0,0.42352325,0
093746.jpg,0.40361524,0.54914236,0,0.42362845,0
093846.jpg,0.5778516,0.48159194,0,0.54542935,1
093897.jpg,0.40372914,0.5492275,0,0.4236595,0
094040.jpg,0.40498856,0.55090165,0,0.42367688,0
094140.jpg,0.40365905,0.5494802,0,0.4235048,0
094143.jpg,0.40381512,0.5489949,0,0.42381492,0
094155.jpg,0.40497214,0.54871726,0,0.42463735,0
094212.jpg,0.40499884,0.547982,0,0.42498112,0
094467.jpg,0.40398023,0.5498894,0,0.42351726,0
094707.jpg,0.40401492,0.5499206,0,0.42352435,0
094788.jpg,0.4036863,0.54925007,0,0.42362356,0
094864.jpg,0.40379807,0.54950947,0,0.42357588,0
095339.jpg,0.40560064,0.54819375,0,0.42524958,0
095371.jpg,0.40431577,0.55028546,0,0.42354417,0
095393.jpg,0.40412,0.55006677,0,0.42352295,0
095510.jpg,0.40396243,0.54978853,0,0.42355126,0
095646.jpg,0.4040116,0.5489981,0,0.4239323,0
095754.jpg,0.40434232,0.55030847,0,0.42354998,0
095834.jpg,0.4035673,0.5493504,0,0.423507,0
095887.jpg,0.40419126,0.55009687,0,0.42355263,0
096151.jpg,0.40610582,0.54793304,0,0.4256701,0
096866.jpg,0.4037073,0.54950434,0,0.42352325,0
097397.jpg,0.4046599,0.5486347,0,0.42448565,0
097784.jpg,0.422953,0.5418274,0,0.43839303,0
097879.jpg,0.42393908,0.541564,0,0.4390862,0
097975.jpg,0.40467724,0.55063576,0,0.423607,0
098305.jpg,0.40723425,0.54757255,0,0.4265096,0
098585.jpg,0.40399492,0.54993004,0,0.42350808,0
099004.jpg,0.4046557,0.5506144,0,0.42360342,0
099018.jpg,0.4058918,0.5480482,0,0.42548984,0
099215.jpg,0.41957507,0.54290706,0,0.43593025,0
100020.jpg,0.40370658,0.5493634,0,0.42358547,0
100039.jpg,0.4035116,0.54875183,0,0.42373946,0
100196.jpg,0.573021,0.48422873,0,0.54199207,1
100770.jpg,0.40392438,0.54983604,0,0.42350718,0
101029.jpg,0.40464866,0.55060667,0,0.4236026,0
101106.jpg,0.40393004,0.5498009,0,0.4235262,0
101110.jpg,0.40493706,0.55085963,0,0.42366442,0
101199.jpg,0.40399185,0.5492663,0,0.4238011,0
101203.jpg,0.4035624,0.5493413,0,0.42350805,0
101282.jpg,0.40415505,0.55010116,0,0.42352888,0
101752.jpg,0.4036593,0.54945123,0,0.42351782,0
101997.jpg,0.40495887,0.5484002,0,0.42477053,0
102377.jpg,0.40415916,0.55010843,0,0.4235281,0
102430.jpg,0.403804,0.5495437,0,0.42356426,0
102548.jpg,0.43648255,0.537108,0,0.4483225,0
102552.jpg,0.4048072,0.5507497,0,0.42363486,0
102822.jpg,0.5777703,0.48172683,0,0.54532504,1
103137.jpg,0.57769233,0.4816589,0,0.54532653,1
103240.jpg,0.40459093,0.55055654,0,0.42359,0
103255.jpg,0.52319527,0.5046998,0,0.5089968,1
103275.jpg,0.44009653,0.535312,0,0.451192,0
103403.jpg,0.40424126,0.5484684,0,0.42430687,0
103480.jpg,0.5265635,0.5033649,0,0.51126224,1
103515.jpg,0.40403074,0.54996824,0,0.42351276,0
103590.jpg,0.40470666,0.5482129,0,0.4247018,0
103737.jpg,0.4038323,0.5494845,0,0.42360765,0
103883.jpg,0.40388167,0.5497724,0,0.42350963,0
104007.jpg,0.40427288,0.55023444,0,0.4235409,0
104085.jpg,0.40383744,0.5494884,0,0.42360902,0
104779.jpg,0.42192024,0.5420603,0,0.43768543,0
104841.jpg,0.5342407,0.5002926,0,0.5164075,1
104869.jpg,0.40602514,0.5479305,0,0.42562267,0
105342.jpg,0.40402693,0.5490851,0,0.42390287,0
105536.jpg,0.5230697,0.5046921,0,0.50894064,1
105855.jpg,0.4051219,0.5510075,0,0.42371032,0
105857.jpg,0.4040106,0.54991543,0,0.42352402,0
105964.jpg,0.40393886,0.5496413,0,0.42360243,0
106090.jpg,0.4037659,0.5496353,0,0.4235005,0
106651.jpg,0.4040245,0.5499622,0,0.42351165,0
106692.jpg,0.4039382,0.5493093,0,0.42374954,0
106762.jpg,0.4041063,0.55005795,0,0.42351857,0
106787.jpg,0.40514147,0.5510227,0,0.42371538,0
106788.jpg,0.40517762,0.55105036,0,0.4237249,0
106901.jpg,0.40408596,0.5499828,0,0.42353967,0
106927.jpg,0.40456486,0.55053157,0,0.42358536,0
106966.jpg,0.40407887,0.55000794,0,0.42352423,0
107136.jpg,0.5304511,0.50187665,0,0.51383984,1
107620.jpg,0.40379855,0.54967403,0,0.42350304,0
108059.jpg,0.5620067,0.48909596,0,0.534683,1
108185.jpg,0.40364784,0.54938424,0,0.42354065,0
108316.jpg,0.40882033,0.54700935,0,0.42771253,0
108473.jpg,0.4034463,0.5489613,0,0.42360675,0
108489.jpg,0.54899013,0.49445412,0,0.5261327,1
108546.jpg,0.40371072,0.5492741,0,0.42362764,0
108875.jpg,0.40532333,0.55115867,0,0.42376474,0
108978.jpg,0.40420303,0.55016637,0,0.42352888,0
109033.jpg,0.40395468,0.5498653,0,0.4235125,0
109367.jpg,0.40388128,0.5494433,0,0.4236556,0
109423.jpg,0.40392035,0.54982567,0,0.42350936,0
109504.jpg,0.4035235,0.5490035,0,0.4236347,0
109607.jpg,0.40454465,0.5505132,0,0.4235813,0
109923.jpg,0.4039771,0.54988563,0,0.42351702,0
109981.jpg,0.404295,0.5502631,0,0.42354152,0
110219.jpg,0.40379035,0.54916316,0,0.42372513,0
110397.jpg,0.4038561,0.54975635,0,0.42350128,0
110940.jpg,0.40358546,0.5493196,0,0.42353165,0
110949.jpg,0.40410656,0.5500558,0,0.4235197,0
111012.jpg,0.40973237,0.5467066,0,0.42839363,0
111236.jpg,0.4037952,0.5496547,0,0.4235096,0
111406.jpg,0.40379086,0.5495972,0,0.42353252,0
111677.jpg,0.4037991,0.5496792,0,0.42350107,0
112021.jpg,0.40387446,0.5492607,0,0.42373264,0
112169.jpg,0.40487927,0.5508101,0,0.42365155,0
112327.jpg,0.40474987,0.5488422,0,0.4244476,0
112419.jpg,0.4036488,0.5493963,0,0.42353588,0
112651.jpg,0.40404135,0.54998076,0,0.42351362,0
112879.jpg,0.4040429,0.5484347,0,0.424202,0
113098.jpg,0.4045439,0.5505121,0,0.42358136,0
113131.jpg,0.40379366,0.54887444,0,0.42385557,0
113148.jpg,0.40386793,0.54977137,0,0.4235018,0
113485.jpg,0.4040651,0.55000645,0,0.42351657,0
113536.jpg,0.4110493,0.5460156,0,0.42948946,0
113782.jpg,0.5752438,0.48313063,0,0.54351634,1
113865.jpg,0.4035207,0.5492437,0,0.42352623,0
114057.jpg,0.40474606,0.5506957,0,0.4236219,0
114061.jpg,0.40469873,0.55065477,0,0.4236115,0
114534.jpg,0.40359604,0.5493992,0,0.42350268,0
114652.jpg,0.4048726,0.55080336,0,0.4236505,0
114781.jpg,0.40368065,0.54949516,0,0.42351124,0
114874.jpg,0.4036633,0.54940367,0,0.4235414,0
114875.jpg,0.40374842,0.5494614,0,0.42356718,0
114937.jpg,0.40435508,0.5503268,0,0.42354956,0
114947.jpg,0.40398836,0.5499209,0,0.42350817,0
114960.jpg,0.40502656,0.550931,0,0.42368677,0
115108.jpg,0.40372378,0.5495795,0,0.42349982,0
115141.jpg,0.40495464,0.550874,0,0.42366865,0
115674.jpg,0.4075245,0.54754657,0,0.42669547,0
115875.jpg,0.57774997,0.4817618,0,0.5452983,1
115961.jpg,0.40403932,0.54997724,0,0.42351395,0
116015.jpg,0.40363893,0.5491891,0,0.423622,0
116061.jpg,0.50010103,0.5134825,0,0.49339893,0
116067.jpg,0.40354002,0.5492478,0,0.4235361,0
116070.jpg,0.40495536,0.5483655,0,0.42478392,0
116204.jpg,0.4036763,0.5492429,0,0.42362067,0
116329.jpg,0.4041565,0.55009013,0,0.42353463,0
116549.jpg,0.40393373,0.549695,0,0.42357543,0
117371.jpg,0.5778494,0.48162815,0,0.54540974,1
117400.jpg,0.40435836,0.55033016,0,0.42355,0
117559.jpg,0.40374908,0.5496078,0,0.42350256,0
117610.jpg,0.404661,0.55062044,0,0.42360395,0
118012.jpg,0.40502545,0.55093026,0,0.42368641,0
118097.jpg,0.4095173,0.54680496,0,0.42822102,0
118158.jpg,0.40490574,0.5508331,0,0.4236573,0
118225.jpg,0.40481386,0.5507554,0,0.42363632,0
118245.jpg,0.4040521,0.5499592,0,0.42352968,0
119009.jpg,0.5402259,0.49794355,0,0.52036387,1
119135.jpg,0.40401942,0.54995716,0,0.42351085,0
119195.jpg,0.57800114,0.48162428,0,0.54547685,1
120354.jpg,0.40458745,0.5484747,0,0.42451316,0
120395.jpg,0.41240412,0.5455285,0,0.43051475,0
120579.jpg,0.403925,0.54979694,0,0.42352492,0
120581.jpg,0.40417454,0.55013627,0,0.42352507,0
120793.jpg,0.5521852,0.4931594,0,0.5282327,1
121004.jpg,0.4804309,0.52085954,0,0.47981173,0
121031.jpg,0.40507296,0.5509693,0,0.42369774,0
121227.jpg,0.40418947,0.5501505,0,0.42352775,0
121537.jpg,0.4040525,0.54999405,0,0.42351446,0
121555.jpg,0.40429872,0.5502553,0,0.42354724,0
121701.jpg,0.40417513,0.5501333,0,0.42352676,0
122285.jpg,0.4037173,0.54950213,0,0.4235303,0
122335.jpg,0.5777985,0.48161715,0,0.5453936,1
122529.jpg,0.57781726,0.48162758,0,0.5453962,1
122604.jpg,0.40444577,0.55041516,0,0.4235651,0
123012.jpg,0.4037408,0.54911244,0,0.42371774,0
123088.jpg,0.5720564,0.4847688,0,0.54129714,1
123095.jpg,0.57599336,0.48288608,0,0.54396504,1
123274.jpg,0.4043525,0.55031747,0,0.42355213,0
123357.jpg,0.40435717,0.55028677,0,0.42356855,0
123375.jpg,0.40402126,0.5499037,0,0.42353567,0
123596.jpg,0.5776899,0.481627,0,0.5453419,1
124262.jpg,0.4042582,0.548445,0,0.42432752,0
124324.jpg,0.40448377,0.5504522,0,0.42357165,0
124462.jpg,0.40384912,0.54968387,0,0.42352927,0
124985.jpg,0.40385538,0.5487021,0,0.42396957,0
125135.jpg,0.40386233,0.5497202,0,0.4235211,0
125577.jpg,0.40408468,0.5488537,0,0.42404073,0
125735.jpg,0.40490586,0.5486401,0,0.4246317,0
125869.jpg,0.40390038,0.5498092,0,0.4235046,0
126014.jpg,0.40371653,0.54926157,0,0.42363673,0
126471.jpg,0.40864766,0.54714817,0,0.427547,0
126711.jpg,0.57789594,0.48161224,0,0.54543793,1
126771.jpg,0.40379354,0.5492572,0,0.42368525,0
126778.jpg,0.4038807,0.54955405,0,0.42360604,0
127093.jpg,0.40477723,0.55072427,0,0.42362803,0
127319.jpg,0.4396873,0.5359483,0,0.45066756,0
127410.jpg,0.43541583,0.5374995,0,0.44753724,0
127505.jpg,0.4041452,0.5501026,0,0.42352226,0
127609.jpg,0.40360668,0.5494081,0,0.4235052,0
127758.jpg,0.4034421,0.54906106,0,0.42355984,0
128151.jpg,0.40347144,0.5491882,0,0.4235211,0
128453.jpg,0.40426958,0.55023724,0,0.42353764,0
128582.jpg,0.40436575,0.5503373,0,0.42355132,0
128626.jpg,0.48161852,0.5203872,0,0.48065448,0
128665.jpg,0.57785416,0.48160264,0,0.54542494,1
128743.jpg,0.40464225,0.55060375,0,0.42360008,0
128947.jpg,0.4038727,0.5496362,0,0.4235647,0
129162.jpg,0.40378863,0.54937327,0,0.42363068,0
129190.jpg,0.403616,0.5493765,0,0.42352486,0
129200.jpg,0.40406266,0.54871005,0,0.42409134,0
129557.jpg,0.42302316,0.5418227,0,0.438436,0
129678.jpg,0.40472472,0.55067754,0,0.4236171,0
129999.jpg,0.40567112,0.5513985,0,0.4238679,0
130061.jpg,0.40396804,0.54988897,0,0.42351004,0
130135.jpg,0.4040019,0.54992586,0,0.42351413,0
130442.jpg,0.57789034,0.48157135,0,0.5454565,1
130518.jpg,0.40433475,0.5503063,0,0.42354634,0
130873.jpg,0.52328676,0.50468093,0,0.50904983,1
130917.jpg,0.5762442,0.4827509,0,0.5441425,1
131028.jpg,0.40474653,0.5506972,0,0.42362154,0
131029.jpg,0.41640407,0.5442464,0,0.43346056,0
131095.jpg,0.40393016,0.5498129,0,0.42352092,0
131180.jpg,0.40407556,0.54894316,0,0.4239954,0
131357.jpg,0.403852,0.5497407,0,0.42350575,0
131505.jpg,0.4037246,0.548858,0,0.42382112,0
131643.jpg,0.57789034,0.48157895,0,0.5454527,1
131888.jpg,0.5690395,0.48601246,0,0.53934735,1
131976.jpg,0.40376177,0.54934067,0,0.42362893,0
132111.jpg,0.40351915,0.54913497,0,0.4235736,0
132113.jpg,0.40419444,0.55014944,0,0.42353123,0
132753.jpg,0.404619,0.5505824,0,0.4235955,0
132773.jpg,0.40400282,0.5489455,0,0.42395037,0
133073.jpg,0.4037289,0.5492196,0,0.42366287,0
133106.jpg,0.40417084,0.5501031,0,0.42353755,0
133258.jpg,0.4043129,0.55028313,0,0.42354345,0
133388.jpg,0.40372977,0.5495512,0,0.42351604,0
133488.jpg,0.4041425,0.54938704,0,0.42383847,0
133600.jpg,0.4044836,0.5504537,0,0.4235708,0
133615.jpg,0.40376478,0.54945886,0,0.42357823,0
133798.jpg,0.40405595,0.54999596,0,0.42351568,0
133888.jpg,0.4034776,0.5489184,0,0.42364478,0
134022.jpg,0.40379474,0.5494625,0,0.42359474,0
134373.jpg,0.40439585,0.55036366,0,0.42355782,0
134398.jpg,0.42600045,0.5409046,0,0.4405815,0
134508.jpg,0.40375105,0.5495977,0,0.42350823,0
134533.jpg,0.41436112,0.5449618,0,0.4319308,0
134676.jpg,0.4032845,0.5488671,0,0.42355072,0
134911.jpg,0.40416524,0.54852843,0,0.42423418,0
135054.jpg,0.4039013,0.5490844,0,0.42382723,0
135089.jpg,0.4035944,0.54926085,0,0.42356318,0
135250.jpg,0.40364218,0.549092,0,0.42366716,0
136259.jpg,0.4043848,0.55035716,0,0.42355403,0
136397.jpg,0.42487028,0.5413343,0,0.4397312,0
136701.jpg,0.4038107,0.54868495,0,0.42395017,0
137040.jpg,0.4038923,0.5496761,0,0.4235588,0
137083.jpg,0.577973,0.48159033,0,0.5454822,1
137141.jpg,0.4035648,0.54932904,0,0.42351496,0
137411.jpg,0.4203207,0.5427099,0,0.43645623,0
137413.jpg,0.4050161,0.5484502,0,0.4247828,0
137423.jpg,0.4042526,0.5502121,0,0.42353857,0
137524.jpg,0.40464428,0.5506058,0,0.42360038,0
137550.jpg,0.40372384,0.549174,0,0.42368007,0
137617.jpg,0.40436357,0.5503355,0,0.4235508,0
137662.jpg,0.40377632,0.5495726,0,0.4235347,0
137777.jpg,0.40441114,0.550383,0,0.42355847,0
137985.jpg,0.40468973,0.5506469,0,0.42360955,0
138235.jpg,0.40410632,0.5498729,0,0.42360076,0
138265.jpg,0.4054231,0.54827917,0,0.42510447,0
138629.jpg,0.4062508,0.54764867,0,0.42588428,0
138663.jpg,0.40396369,0.54988784,0,0.42350793,0
139036.jpg,0.40515408,0.55103195,0,0.42371887,0
139078.jpg,0.40452152,0.55048156,0,0.4235814,0
139085.jpg,0.40369952,0.5495275,0,0.42350826,0
139174.jpg,0.40391263,0.54983217,0,0.42350182,0
139263.jpg,0.4042895,0.5502389,0,0.42354894,0
139455.jpg,0.40426412,0.5491523,0,0.4240163,0
139571.jpg,0.40516448,0.55103993,0,0.4237216,0
139592.jpg,0.4045937,0.55055916,0,0.4235905,0
140056.jpg,0.40392816,0.54985094,0,0.42350283,0
140148.jpg,0.40352637,0.549179,0,0.42355838,0
140184.jpg,0.40501824,0.5509257,0,0.4236841,0
140191.jpg,0.4038837,0.54978687,0,0.4235044,0
140198.jpg,0.4038761,0.5490306,0,0.4238359,0
140285.jpg,0.57787627,0.48162538,0,0.54542273,1
140325.jpg,0.5778618,0.48168728,0,0.54538465,1
140532.jpg,0.5778662,0.4816237,0,0.5454192,1
140626.jpg,0.40390518,0.5497717,0,0.4235241,0
140914.jpg,0.4044434,0.5504144,0,0.42356402,0
141046.jpg,0.4047582,0.5485663,0,0.42457548,0
141334.jpg,0.40453926,0.55050546,0,0.42358148,0
141420.jpg,0.40443516,0.5504037,0,0.42356378,0
141508.jpg,0.40397298,0.5498973,0,0.42350933,0
141879.jpg,0.4039748,0.5498973,0,0.42351046,0
141890.jpg,0.47936195,0.5211741,0,0.47910517,0
141905.jpg,0.40419063,0.55010676,0,0.42354786,0
141989.jpg,0.40381065,0.5495825,0,0.42355105,0
141993.jpg,0.40405995,0.5490404,0,0.42394271,0
142090.jpg,0.57801384,0.48158976,0,0.5455001,1
142163.jpg,0.4033672,0.5489011,0,0.42358568,0
142221.jpg,0.40871975,0.54686093,0,0.4277187,0
142225.jpg,0.40381005,0.5496559,0,0.42351806,0
142337.jpg,0.40359238,0.54920363,0,0.4235874,0
142398.jpg,0.4133641,0.54552245,0,0.4310876,0
142705.jpg,0.40343067,0.54879206,0,0.4236726,0
142714.jpg,0.4054383,0.5481114,0,0.42518845,0
142734.jpg,0.5778182,0.48162228,0,0.5453994,1
142963.jpg,0.41075975,0.546123,0,0.42926863,0
143010.jpg,0.40521976,0.5510823,0,0.42373616,0
143390.jpg,0.4040006,0.54993063,0,0.42351127,0
143399.jpg,0.40407616,0.5492217,0,0.42387187,0
143662.jpg,0.4037131,0.5495399,0,0.42351097,0
143762.jpg,0.57790536,0.48158887,0,0.54545397,1
143897.jpg,0.40663993,0.5479486,0,0.4259845,0
143955.jpg,0.4041425,0.5494527,0,0.42380926,0
